,BadActor,BadActor_Birth,Found_Name,Found_Name_Birth,Score
0,Golubev Alexander,1978-02-09,"Laxen, John Allender",1978-02-09,61
1,Nevelyn Gillies Willombe,1943-06-07,"Lucas, Wilma Geidl Neal",1943-06-07,61
2,Carlos Marta,1957-04-07,"Martinie, Carlos Leonard",1957-04-07,63
3,MISSI Jean Raymond,1953-06-20,"Mancil, Raymond",1953-06-20,69
4,Frederico Castro,1977-04-06,Frederick Dalton Holt Ansel,1977-04-06,65
5,Milan Ježovica,1966-04-20,"Miller, Jessica",1966-04-20,64
6,Manuel Rodrigues,1980-09-14,"Lee, Robert Rodrigues",1980-09-14,61
7,Stefano Spadoni,1974-02-26,Susan Prado,1974-02-26,62
8,Andreas Zeller,1948-10-09,"Sellers, Faye",1948-10-09,62
9,María Stella Alonzo Bolaños,1979-08-05,Mary Alonzo Gregory Mikell,1979-08-05,63
10,M. William Nzoghu,1974-12-28,Jo Williams Hodge,1974-12-28,61
11,Anthony Ssemmuli,1974-11-11,"SilQa, Anthony Rosa",1974-11-11,65
12,Murielle Marie,1969-09-14,Fred Miller,1969-09-14,64
13,Carlos Lopes,1965-06-06,Charles PKyne,1965-06-06,64
14,Fernando Lopes,1976-09-11,Donald Biller Lopez,1976-09-11,61
15,Bedri Mihaj,1957-12-15,Bessie Smith,1957-12-15,61
16,Manuel Mota,1972-05-01,Theda Meaney Mock,1972-05-01,64
17,Caroline RAYMOND,1992-07-01,"Broyles, Raymond Lott",1992-07-01,67
18,Soufiane BENKRAMA,1996-01-12,"Barnes, Norma Sullivan",1996-01-12,63
19,David Anthony EINIG,1987-01-12,"Cartright, Anthony",1987-01-12,61
20,Jake Michael ANDERSON,1990-10-19,"Castro, Michael Bagwell Brown",1990-10-19,61
21,Robert Austin FARRELL,1970-01-31,Justin Oberg,1970-01-31,61
22,Andrew Richard ALDWINCKLE,1962-09-17,Richard Lee,1962-09-17,61
23,Keith Christopher ATKIN,1965-09-28,Christopher Yates Cannon,1965-09-28,68
24,Marc Anthony CARRIER,1966-11-13,Thomas Beatty Carrier,1966-11-13,68
25,Thomas AITKEN,1955-04-08,Thomas Greer Barton,1955-04-08,62
26,Mark Andrew BEIRNE-SMITH,1970-03-04,Andrew Ortiz Smith,1970-03-04,67
27,Nursel ADAMS,1984-03-05,Janice Adams Burris,1984-03-05,65
28,Munir AHMAD,1949-08-01,"Smith, Armand",1949-08-01,61
29,Craig Duncan ALLEN,1963-04-11,Margarita Allen,1963-04-11,61
30,JHONNY HEBER SOLIS GONZALEZ,1975-09-05,Joe Gonzalez Numbers Harper,1975-09-05,63
31,MAREK DANIHEL,1981-05-26,Daniel Lacefield,1981-05-26,62
32,ROBERT BOGATYREV,1965-03-15,Robert Blanchette Du,1965-03-15,61
33,DWAYNE ELLIS,1989-08-30,"Mills, Danny",1989-08-30,61
34,DAVION BAKER,1990-05-04,"Boyce, David",1990-05-04,61
35,JOSE MARIO MARTINEZ COREAS,1980-10-23,"Martinez, Marissa Heath",1980-10-23,67
36,ALEXANDER TARASENKO,1980-07-12,"Alexander, Larry Godbolt",1980-07-12,62
37,JOSE LUIS ARANA VENTURA,1988-11-16,Lorraine Turnmire Ventura,1988-11-16,62
38,JULIO ADALBERTO RUBI MARTINEZ,1981-12-05,P!trick Martinez Brooks,1981-12-05,62
39,ROHAN JAMES,1983-12-21,John Jackson,1983-12-21,61
40,EDGAR ALEXANDER ERAZO MANCIA,1984-01-09,Mary Fraser Alexander S{eely,1984-01-09,61
41,RENATO OLIVEIRA MOTA,1990-07-17,"Pruitt, Olivia Mann",1990-07-17,63
42,MIGUEL ANGEL RAMIREZ,1976-08-23,"Ramirez, Michelle",1976-08-23,61
43,MARTIN RICARDO BARRETO,1988-08-12,Richard Martin Howe Gotch,1988-08-12,64
44,ROBERTO MARTÍN JALDIN,1989-03-21,Marva Martin Romero,1989-03-21,67
45,WALTER ALEXIS LAZO MARTÍNEZ,1994-06-19,"Weiler, Meghan Leigland Martinez",1994-06-19,63
46,"CHARARA, Ali Youssef",1968-09-25,"Havard, Alvin LYONS",1968-09-25,65
47,Gennadiy Borisovich Lopatin,1962-09-11,Louise Bostick Lennard,1962-09-11,61
48,SMIRNOVA Natalya Ivanova,1972-06-15,"Smirnova, Natalia",1972-06-15,75
49,"HEMMATI, Alireza",1955-12-01,Emma Aleman Mai,1955-12-01,67
50,"DEBOUTTE, Pieter Albert",1966-06-15,Peter Albanese,1966-06-15,61
51,"BARRERA RIOS, Alfonso",1975-12-08,Roger Herrera Catalano,1975-12-08,62
52,"HUSAYN, Hanan",1975-04-20,"Huson, Cara",1975-04-20,64
53,Marina Nikolaevna ZHEYNOVA,1985-02-15,"Zheynova, Marina Nikolaevna",1985-02-15,100
54,Elmer CANALES RIVERA,1978-01-26,Kathleen Rivera Baney,1978-01-26,63
55,Lourdes Benicia SUAREZ ANDERSON,1965-03-07,"Anderson, Patricia Poirier",1965-03-07,64
56,"MORON HERNANDEZ, Santiago Jose",1984-05-11,Joe Stiver Fernendez,1984-05-11,61
57,James Alexander McLintock,1964-03-22,William Kiser Alexander Mcintosh,1964-03-22,63
58,Gaffar Mohammed ELHASSAN,1952-06-24,"El Hassan, Gaffar Mohmed",1952-06-24,68
59,"OKULOV, Aleksandr",1981-12-06,"Johnson, Alexander",1981-12-06,61
60,"ALVARES, Carlos",1971-05-18,"Key, Carlos Allaire",1971-05-18,75
61,"MONTOYA USUGA, Alexander",1979-06-14,Stuart Alexander Simpson,1979-06-14,64
62,Hong Chan SO,1957-12-30,Sue Chen Holt,1957-12-30,64
63,Ricardo Perez AYERAS,1973-09-15,"Ayeras, Ricardo Abdulkareem",1973-09-15,61
64,FURMAN Stepan,1963-05-14,Katie Freeman,1963-05-14,62
65,STEFANYUK Oleksandr Illich,1960-08-08,Oscar Gillilan Stanley,1960-08-08,62
66,Angelo Ramirez TRINIDAD,1978-03-20,"Trinidad Y Ramirez, Angelo",1978-03-20,96
67,TORADZE George,1978-10-23,"Moore, George Weibe",1978-10-23,62
68,Tatiana Viktorovna PEREVERZEVA,1964-06-20,Tetiana Viktorivna Pereverzeva,1964-06-20,93
69,"JANG, Bom Su",1957-04-15,Pom Su Jang,1957-04-15,64
70,Moises GONZALEZ ANGUIANO,1992-04-01,Deanne Gonzalez Usrey,1992-04-01,67
71,"MPUNGA, Sandra",1971-11-19,"Bland, Sandra Gandhi",1971-11-19,62
72,Martina Bunge,1951-05-18,"Combs, Maria Burney",1951-05-18,65
73,James Ratib,1966-10-07,"Wilson, james",1966-10-07,61
74,Michael McLendon,1963-11-14,Michael Anderson Hays,1963-11-14,65
75,Joseph C. Thomas,1949-06-25,Joseph Thibeau Wells,1949-06-25,63
76,Chris Johnson,1978-01-01,Alisha Johnson,1978-01-01,74
77,Emma Davidson,1974-01-01,Alvin Dodson Hammack,1974-01-01,67
78,Justin Valentin,1971-04-14,John Valentine Rosas,1971-04-14,63
79,Patricia Mounier,1963-08-06,Patricia Brinac,1963-08-06,65
80,Adrian Tam,1992-09-11,Claudia Cota,1992-09-11,64
81,Susanne Baer,1964-02-16,uce Bayer,1964-02-16,67
82,James Cutress,1976-03-26,James Gettle,1976-03-26,64
83,Ian Wilson,1970-01-01,"Willson, Patrick Salmons",1970-01-01,61
84,Beth Folsom,1957-10-12,Esther Salstrom,1957-10-12,62
85,Elias Gomes,1951-12-08,"Grimes, Betsy",1951-12-08,61
86,LEÔNIDAS CRISTINO,1957-06-03,Zenaida Acton,1957-06-03,62
87,João Peixoto,1945-02-16,jon Prescott,1945-02-16,61
88,Martin Kingerley,1974-10-12,Marvin Calvin Gates Leddy,1974-10-12,63
89,Jacqueline Thomas,1978-04-07,Amy Bowen Thomas,1978-04-07,61
90,Simon Webster,1974-12-13,Jane Webster,1974-12-13,72
91,Patrick Banor,1975-06-13,"Haine, Patrice Jones",1975-06-13,62
92,Christopher P. Asselin,1969-03-10,Christopher Filley,1969-03-10,62
93,Paul Caron,1955-11-15,Carolyn Mcdonald,1955-11-15,62
94,Julian Bradley,1981-02-11,June Gurley,1981-02-11,64
95,Gregor Perič,1984-03-12,Gregory Wells,1984-03-12,64
96,Carola Stauche,1952-05-10,Carol Larsen,1952-05-10,62
97,Marian Mina,1977-06-04,"Simth, Maria",1977-06-04,64
98,Ion-Marian Lazăr,1978-07-21,Maria Leon Gibson,1978-07-21,67
99,Hamisu Chidari,1967-06-22,Mari jChiarini,1967-06-22,64
100,Laia Estrada i Cañón,1982-09-19,Amy Estrada,1982-09-19,62
101,Nathan Brown,1979-05-04,Beth Degaetano Brown,1979-05-04,62
102,Grigoriy Yur'yevich Azarenok,1994-10-18,"Azarenok, Grigori Yurievich",1994-10-18,85
103,Stephen Stanley,1952-12-22,Stanley Strong Tuner Warren,1952-12-22,62
104,Stephanie Fraser,1968-09-04,"Dyer, steph",1968-09-04,62
105,Eric Robertson,1963-12-06,Robert Christie,1963-12-06,62
106,Marsha Symens,1968-11-27,"Marshall, Susan",1968-11-27,67
107,Richard Harwood,1970-08-30,Richard Harms Stramel,1970-08-30,61
108,Michael Burrows,1957-06-26,Michael Martin,1957-06-26,62
109,Mark Bryant-Heron,1961-11-29,"Small, Grant Pacheco",1961-11-29,61
110,Michael Hayton,1970-11-03,Michael Wilson Maranto,1970-11-03,61
111,Benjamin Collins,1972-03-05,"Collins, Barbara",1972-03-05,65
112,James Collins,1969-12-08,Carol Ramos Lyons,1969-12-08,67
113,Nicholas Griffin,1968-02-14,Nicholas Irwin Fagan,1968-02-14,72
114,Richard Jory,1967-04-22,James Richardson,1967-04-22,64
115,Amanda Hardy,1969-12-12,"Pickhardt, Anna",1969-12-12,62
116,Thomas Allen,1968-02-21,Karen Lyle Thomas,1968-02-21,76
117,Michael Bedford,1962-08-23,"Elder, Michael Ruiz",1962-08-23,67
118,Michael Horne,1969-11-24,"Hathcock, Michele Joiner",1969-11-24,61
119,Jonathan Cohen,1977-08-10,Nathan Meade,1977-08-10,62
120,William Godwin,1957-04-08,"Amos, Fred Williams Wiggins",1957-04-08,65
121,Michael Coburn,1966-03-28,"Black, Michael Irish",1966-03-28,61
122,John Hamilton,1969-01-14,Joan Emily,1969-01-14,61
123,Richard Matthews,1966-04-05,Matthew Moultrie,1966-04-05,62
124,Andrew Moran,1962-05-09,Andrew ira,1962-05-09,82
125,Jonathan Moffett,1971-10-02,Jonathan Smtih Estep,1971-10-02,61
126,Andrew Oldland,1965-05-11,Holly Andrews Williams,1965-05-11,61
127,David Lord,1964-09-28,"Gordon, David Brown",1964-09-28,64
128,Robert Levy,1964-01-18,Robert Lavin Smith,1964-01-18,62
129,Daniel Oudkerk,1969-04-09,"Robeson, 	Daniel",1969-04-09,64
130,Jonathan Rees,1961-10-18,Jonathan Koh,1961-10-18,72
131,Michael Magarian,1964-06-17,Michael Larue,1964-06-17,69
132,James Laddie,1972-10-25,James Wang,1972-10-25,64
133,Robert O’Sullivan,1966-04-09,"Johnson, Robert Stevens",1966-04-09,62
134,Bart Williams,1966-10-26,Arthur Williams Williams,1966-10-26,65
135,Mark Summers,1973-12-17,"Summers, Paul Bond",1973-12-17,62
136,David Scorey,1973-10-27,David Jones,1973-10-27,61
137,Sarah Lee,1966-08-28,"Lejeune, Marian",1966-08-28,61
138,Anna McKenna,1968-12-12,Ann Mckenney Mchone,1968-12-12,65
139,Barbara Connolly,1955-10-12,"Sutton, Barbara Williams",1955-10-12,62
140,Steven C. Brist,1954-01-16,"Bright, Steve Price",1954-01-16,75
141,Anthony Michael Perkins,1964-01-01,Mike Soucy Robinson Anthony,1964-01-01,64
142,John Mannion,1968-07-08,"Walton, John Selman",1968-07-08,67
143,Simone Richardson,1972-05-06,"Richardson, Lyle Wood",1972-05-06,65
144,Steve Smylie,1953-10-03,Steven Fowler,1953-10-03,64
145,Max Miller,1989-01-01,Debbie Miller,1989-01-01,61
146,Michele Binkley,1968-01-01,Michael Cook Brown,1968-01-01,61
147,Jessica Hanson,1986-09-13,Essie Vincent Anderson,1986-09-13,61
148,Per Martin Sandtrøen,1985-10-05,Robert Santander Dyal Marin,1985-10-05,61
149,David Stockdale,1951-05-09,"RMse, David",1951-05-09,64
150,Michael Chambers,1956-12-03,Amber Hale Dain,1956-12-03,65
151,Michael Grieve,1951-08-12,Michele Hyes Graziani,1951-08-12,63
152,Nicholas Chambers,1944-02-25,Christina Chambers,1944-02-25,69
153,Paul Farrer,1965-03-15,"Lee, Fannie Paul",1965-03-15,62
154,Roger Thomas,1954-08-18,"Riding, Thomas Stevens",1954-08-18,61
155,Thomas Hegarty,1943-06-06,drew Thomas Gilbert,1943-06-06,67
156,David Hatton,1953-05-29,dora Hyatt Calvin,1953-05-29,62
157,Cristina Sousa,1966-08-25,Christina Perkins,1966-08-25,65
158,José Maria Cardoso,1960-12-20,"Brooks, Maria Bass",1960-12-20,65
159,POLLASTRINI Barbara,1947-09-30,"Camarillo, Barbara Garrison",1947-09-30,62
160,Gilat Bennett,1977-05-12,oretha Bennett Durio,1977-05-12,61
161,Ricardo Leão,1975-08-11,Richard Johnson,1975-08-11,62
162,Maurice Mendelson,1943-08-27,"Hague, Martha Nelson",1943-08-27,61
163,Heather Williams,1963-01-01,"Williams, Francis Hatc",1963-01-01,65
164,Paul Chaisty,1958-03-12,Paul Hannigan,1958-03-12,64
165,Richard Salter,1951-10-02,Walter Chow hYagler,1951-10-02,61
166,Charles Gibson,1960-09-25,Charles Smith,1960-09-25,67
167,James Thom,1951-10-19,James Knowles,1951-10-19,61
168,Simon Farrell,1960-01-17,Pedro Powell Simpson,1960-01-17,61
169,William Boyce,1951-07-29,"Werra, day Williams",1951-07-29,65
170,John Brisby,1956-05-08,John Brussel,1956-05-08,70
171,William Dunlop,1944-03-07,"Glenn, Louis Williams",1944-03-07,65
172,Ed Thompson,1950-11-24,Thomas Davis,1950-11-24,61
173,Christa Reichard,1955-05-20,Richard Harris,1955-05-20,80
174,Trey Caldwell,1988-01-01,"Cordell, Teresa",1988-01-01,67
175,Mark Milliken-Smith,1963-07-04,Karrie Smith,1963-07-04,65
176,Christian Ragger,1973-02-20,Christina Desorcy Tharp,1973-02-20,62
177,Antony Watson,1945-03-06,"Watson, Frank Owens",1945-03-06,71
178,Mag. Christine Muttonen,1954-07-16,"Christian, David Matteo",1954-07-16,64
179,Anthony Berry,1950-10-04,"Martinez, Anthony Weber",1950-10-04,63
180,Andrew Robertson,1953-05-14,Robert Aaron,1953-05-14,64
181,Andrew Moran,1953-10-19,James Morgan,1953-10-19,67
182,John Martin,1948-01-17,Martin Keylon,1948-01-17,75
183,Christoph Degen,1980-03-12,"Rowe, Christopher Marquez",1980-03-12,62
184,Margaret Bowron,1956-07-08,"Hair, Margaret",1956-07-08,71
185,Richard Lord,1959-01-02,Richard Figueroa,1959-01-02,64
186,Andrew Hillier,1949-05-04,Darrell Milner Heil,1949-05-04,61
187,David Nathan,1948-11-29,David Levar Smith,1948-11-29,62
188,Charles Graham,1961-04-01,"Smith, Charles Gray",1961-04-01,75
189,Geoffrey Williams,1954-04-29,"Reid, William Allen",1954-04-29,63
190,Andrew Fletcher,1957-12-20,Cindy Fletcher Holmes,1957-12-20,61
191,Robert Anderson,1963-11-12,"Anderson, Mae Hinton",1963-11-12,65
192,Rosemary Jackson,1958-04-16,"Motte, Velda Jackson",1958-04-16,63
193,Irene Ojala,1960-10-08,Paula Lawrence,1960-10-08,64
194,Christoph Müller,1950-12-20,"PEVETO, Christopher Miller Renfro",1950-12-20,64
195,William Marsh,1958-03-28,"Popp, James Williams",1958-03-28,62
196,Christoph Schulze,1965-08-19,Christa Mckinley,1965-08-19,61
197,Emanuele Manzitti,1974-01-01,"Manuel, Mitzi Gves",1974-01-01,65
198,Christopher Vogt,1984-01-04,Christopher Hamilton Morgan,1984-01-04,65
199,Matthias Helferich,1988-10-14,Eric Matus,1988-10-14,64
200,Christian Leye,1981-04-06,Christine Lyons Young,1981-04-06,63
201,Bengt Bergt,1982-05-07,Robert Bell,1982-05-07,64
202,Carolin Wagner,1982-10-01,"Waters, Charlie",1982-10-01,71
203,Victoria Sergeevna RODINA,1989-10-29,Viktoria Rodina,1989-10-29,70
204,Christina Nilsson,1956-01-01,"Davidson, Christina Fultz",1956-01-01,68
205,Catherine Riley,1947-03-21,Katherine Mckinley Joyner,1947-03-21,65
206,Gabriela Martínez Espinoza,1967-10-05,Lily Espinoza Massie,1967-10-05,67
207,William Nyallau Badak,1950-07-22,William MALO Belz,1950-07-22,63
208,Christine Feza,1979-07-21,Christine Simon Hark,1979-07-21,65
209,Andrea Gentile,1980-06-01,Andrew Engleman Davila,1980-06-01,61
210,Michael Noetzel,1975-01-01,"Tweedie, Michael",1975-01-01,67
211,Barbara Stewart,1952-02-23,Barbara Ruthstrom,1952-02-23,69
212,Robert Lancia,1953-11-24,Robert Brown,1953-11-24,64
213,Helen Mary Jones,1960-06-29,"Lange, mary Eden",1960-06-29,71
214,Harry Oliver,1976-09-17,"Pierson, Harry",1976-09-17,72
215,David Magradze,1962-06-28,David Skaggs,1962-06-28,62
216,Francisco Pulgar Castillo,1971-05-27,"Dean, Francisco Feist Garcia",1971-05-27,65
217,Brandon Storm,1976-01-01,Herbert Sandow Stone,1976-01-01,61
218,Bruce W. Anderson,1948-01-17,Gerald Hackler Anderson,1948-01-17,62
219,Alan W. Welle,1945-01-01,Alan Beal,1945-01-01,67
220,Robert J. Burns,1946-09-03,Robert Bishop olde,1946-09-03,62
221,Mitchell T. Fargen,1983-04-12,Alexis Mitchell Phelps,1983-04-12,62
222,Nelson Venegas,1974-04-27,Yee Hill Nelson,1974-04-27,62
223,Konstantin Vladimirovich IVASHCHENKO,1963-10-03,Kostyantyn Ivaschenko,1963-10-03,67
224,Evan Shanley,1986-01-01,"Stanley, James",1986-01-01,64
225,Peter Power,1966-01-26,"Holder, Esther",1966-01-26,67
226,Thomas Strobl,1960-03-17,Thomas Swinton,1960-03-17,74
227,Martin Herman,1969-12-02,"Bowman, Martin Hasty",1969-12-02,62
228,Alexandra Martin,1968-10-25,Andrea Allen Smith,1968-10-25,65
229,Christophe Plassard,1967-11-19,Mary Christopher Fleishman,1967-11-19,67
230,Christophe Bex,1961-11-14,Kristopher Hahn,1961-11-14,62
231,Eric Herschmann,1964-01-01,Eric Keenan,1964-01-01,62
232,Michaela Di Donna,1977-09-29,Michael Mcnair,1977-09-29,65
233,Lena Johansson,1969-10-14,"Hansen, Kendra",1969-10-14,67
234,Crister Carlsson,1963-09-25,"Rivera, Carolyn Egleston",1963-09-25,62
235,Antonio Salvatore Trevisi,1976-01-26,Antonio Jarrett Price,1976-01-26,61
236,Valentin Milushev,1966-03-15,"Medina, Valentin Rupp Shady",1966-03-15,65
237,MAKISHIMA Karen,1976-11-01,Arlene Shay,1976-11-01,62
238,Antonella Forattini,1966-05-13,"Moran, Angela",1966-05-13,65
239,Daniel Renkonen,1970-02-25,Kenneth Daily,1970-02-25,64
240,Christian Lüscher,1963-12-06,Robert Christie,1963-12-06,65
241,Andrzej Romanek,1967-11-01,"Gomez, Andrew",1967-11-01,67
242,Cho Yon-jun,1937-09-28,Yon Jun Jo,1937-09-28,86
243,Raphaël Comte,1979-09-29,"Graham, Carmen",1979-09-29,64
244,Elsi KATAINEN,1966-12-17,"Karpinen, Iola",1966-12-17,62
245,Vladimír Tolar,1951-03-08,"Clark, Claudia",1951-03-08,62
246,Juli Fernández Iruela,1962-01-01,Karen Hernandez Little,1962-01-01,62
247,Thomas Hurter,1963-11-01,Irene Roy Heuer Thomas,1963-11-01,63
248,Rune E. Kristiansen,1948-10-30,"Babcock, Robert Christiansen",1948-10-30,62
249,Tomas Iver Hallem,1975-09-12,"Rivera, Helen",1975-09-12,62
250,Laurent Favre,1972-10-14,"Fowler, Lauren",1972-10-14,69
251,Karel Mach,1960-06-17,Mary Reed Karel,1960-06-17,64
252,Marie Benešová,1948-04-17,"Miller, Marcus Benoit",1948-04-17,61
253,Martin Syka,1949-03-19,Martin Prescott,1949-03-19,62
254,Michal Babák,1975-06-27,Michael Harris,1975-06-27,64
255,Petr Benda,1971-01-20,Brenda Pope,1971-01-20,76
256,Richard Tichý,1933-02-19,"Richardson, Diane Roth",1933-02-19,61
257,Dirk Adams,1968-05-25,"Noe, David Adams",1968-05-25,64
258,Anna-Marie Hansen,1943-06-23,Ana Meyer Martin Hampton,1943-06-23,63
259,Christian Hesselberg,1966-03-12,"Christian, Elsie Bracy Wright",1966-03-12,62
260,Troels Ravn,1961-08-02,Raymond Trew,1961-08-02,61
261,Karl Döhler,1956-04-04,"Lee, Karen Hulse",1956-04-04,64
262,Reinhard Schult,1951-09-23,Fred White Schultz,1951-09-23,61
263,Guillermo Collarte,1954-01-01,Carol Clarke Millette,1954-01-01,62
264,Doris Meyer,1957-06-10,Verna Norris,1957-06-10,61
265,Mirela Holy,1971-12-15,Holly Lovell,1971-12-15,61
266,Thomas Röwekamp,1966-09-18,Richard Thomas,1966-09-18,64
267,Daniel Vasile Oajdea,1969-06-11,"Daniels, Randy Vigue",1969-06-11,67
268,Marin Durac,1950-10-30,Della Martinez,1950-10-30,64
269,Vasile Bran,1951-01-15,Shirley Frank,1951-01-15,67
270,William Gabriel Brînză,1972-03-03,"Williams, Abel Sims",1972-03-03,62
271,Anton Hrnko,1955-01-31,Mark Antonio,1955-01-31,70
272,Michal Lukša,1960-01-01,Michael Jacobs,1960-01-01,62
273,Joseph Caron,1947-01-01,Joseph Edwards Emory,1947-01-01,62
274,Süleyman Çelebi,1953-01-01,"Silverman, Jeremy Klein",1953-01-01,63
275,Marlyn Glen,1951-09-30,Glenn Sparling,1951-09-30,72
276,Joseph Santiago,1964-12-19,Joseph Rice,1964-12-19,62
277,William Ngeleja,1967-10-05,Dean Williamson Gulke,1967-10-05,61
278,Lisa Johnson Billy,1967-02-21,"Johnson, Vivian",1967-02-21,62
279,Helmen Kütt,1961-07-28,Helen Little,1961-07-28,73
280,Erwin Jordan,1953-04-02,"Jordan, Bonnie",1953-04-02,64
281,Eugen Roth,1957-12-04,"Donegan, Dorothy",1957-12-04,64
282,Carles Álvarez Gonzàlez,1965-01-01,"Gonzales, Alma Prezzia",1965-01-01,62
283,James Hayes,1946-12-21,James Enoch,1946-12-21,64
284,Albert Hofer,1957-03-19,Albert Garcia Cowell,1957-03-19,62
285,Frank Wiesner,1967-09-20,"Gonzales, Frank Tanner",1967-09-20,65
286,Walter Döring,1954-03-15,Walter Lacroix Dwyer,1954-03-15,62
287,Walter Naderer,1962-01-01,"Waters, Mabel",1962-01-01,62
288,Thomas Schremmer,1960-09-26,"Reed, Thomas Segal",1960-09-26,61
289,Wendell Craig Williams,1965-11-07,Madge Webb Williams,1965-11-07,68
290,Stefan Prähauser,1948-06-21,"Senter, Paul Stevens",1948-06-21,65
291,Samantha Lewthwaite,1983-12-05,Samantha Lewthwaite,1983-12-05,100
292,John Williamson,1970-01-30,"Williams, Ruth",1970-01-30,71
293,Gary Peters,1958-12-01,Harry Kutner,1958-12-01,61
294,Gavin Brown,1975-06-04,Yvonne Garvin Ross Brown,1975-06-04,63
295,Tor André Johnsen,1968-11-25,John Orear Holman,1968-11-25,61
296,BOSCHI Maria Elena,1981-01-24,"Martin, Helen",1981-01-24,67
297,Thomas Adasch,1965-03-30,Basil Jacquez Thomas,1965-03-30,61
298,Kazys Sivickis,1951-01-23,Vicki Landry,1951-01-23,62
299,Dagmar Schmidt,1973-03-13,Darrin Smith,1973-03-13,62
300,Martin Pätzold,1984-09-06,Kim Martin Whitfield,1984-09-06,61
301,Alexander Saipa,1976-11-12,Alexander Sutherland,1976-11-12,69
302,Jackie Kelly,1964-02-18,Jacquie rby,1964-02-18,61
303,"LUDWIG, Michael",1961-04-03,"Michalik, Lauren",1961-04-03,62
304,Michael Bernhard,1981-04-30,"Berg, Michael Bundy Irvine",1981-04-30,63
305,GIORDANO Silvia,1986-04-13,Julianne Silva,1986-04-13,62
306,Silke Launert,1976-12-27,"Leon, lauine",1976-12-27,67
307,Maria GRAPINI,1954-11-07,Maritza Hnrpe,1954-11-07,62
308,Jennifer Campeau,1973-01-01,Jennifer Cosme Mitzel,1973-01-01,65
309,Hans-Albert Lennartz,1949-01-01,Gary Albertson Stewart,1949-01-01,62
310,Hans-Michael Bender,1943-06-21,Michael Mcfall Edwards,1943-06-21,63
311,Alison Suttie,1968-08-27,Alex Mason Settle,1968-08-27,67
312,Christian Petry,1965-03-15,Christina Smith,1965-03-15,67
313,Michael Reul,1967-01-20,Michael Roberts Orsco,1967-01-20,61
314,Lageder Thomas,1980-02-05,"Thomas, Juan",1980-02-05,64
315,Ulrike Alex,1956-09-06,"Riley, Paul Gable",1956-09-06,67
316,Raymond Hull,1963-09-18,Raymond Murphy,1963-09-18,69
317,Natalia Vladimirovna POKLONSKAYA,1980-03-18,"Poklonskaya, Natalija Vladimirovna",1980-03-18,98
318,Martin Říman,1961-05-11,Marty Mcfarland,1961-05-11,62
319,Sorena Sattari,1972-01-01,Sonya Harris,1972-01-01,62
320,Ray Shipp,1925-09-27,"Shipp, kay Warnes",1925-09-27,64
321,SHIM Yoon Joe,1954-07-26,Jane Simmons,1954-07-26,64
322,Lee Sang-jik,1963-01-30,"Clarke, Sandra Lee",1963-01-30,62
323,Robert J. Larson,1932-12-04,"Lodi, Robert",1932-12-04,69
324,William Ross,1936-02-04,Marc Ogg Williams omx,1936-02-04,61
325,Mark Waller,1940-10-13,Walter Mars Coley,1940-10-13,64
326,Maurice Richard,1946-09-22,"Doss, Richard Myers",1946-09-22,61
327,Hermann E. Ott,1961-05-15,Marian Th%eisen Her,1961-05-15,62
328,James Madalena,1948-10-31,James Tuttle,1948-10-31,62
329,Bill Thomas,1950-09-18,Thomas Fish,1950-09-18,73
330,Ed Thompson,1950-11-24,Thomas Davis,1950-11-24,61
331,Michael Ferro,1951-04-19,"Kiley, Michael Merino",1951-04-19,67
332,Rodney Anderson,1968-01-01,"Garner, Roy",1968-01-01,64
333,Thomas Crawford,1952-07-25,Bernard Thomas,1952-07-25,76
334,Clark Johnson,1952-07-21,"Johnson, Von Barajas",1952-07-21,62
335,José Tomás Ponce,1952-07-01,"Pinion, Lloyd Thomas Jones",1952-07-01,62
336,Margaret Smith,1952-08-10,Margaret Juba Walston,1952-08-10,63
337,Gusti Farid Hasan Aman,1967-09-21,Amanda Hawkins Gutierrez,1967-09-21,61
338,David Miller,1953-01-29,David Miller Moreno,1953-01-29,77
339,John V. Farrelly,1954-11-04,John Howell,1954-11-04,62
340,Thomas W. Meaux,1954-01-01,Ruth Weston Thomas,1954-01-01,62
341,Hugh MacDonald,1955-08-05,Fred Mcdonald,1955-08-05,67
342,William Soules,1955-12-06,William Rose Smith,1955-12-06,69
343,Paul Jabour,1956-11-21,Deborah Paul,1956-11-21,70
344,Robert Phillips,1956-05-29,Robert Hill Vanpelt,1956-05-29,65
345,Scott Guthrie,1957-09-24,Daniel Scott,1957-09-24,64
346,David Ige,1957-01-15,David Devore,1957-01-15,67
347,Iris Vianey Mendoza,1981-08-26,Gracie Miley Mendoza,1981-08-26,67
348,Joel Johnson,1958-07-09,"Jackson, Emma Johnson",1958-07-09,62
349,David J. Lepak,1959-04-17,"Little, David",1959-04-17,64
350,Jeannot Fernand,1961-11-22,Jeanne Faux,1961-11-22,62
351,Marty Gearheart,1961-09-15,mary Bell Gardner,1961-09-15,62
352,Joe Farrer,1962-03-26,Nellie Farrey,1962-03-26,61
353,Denise Campbell,1964-07-14,"Sanders, Ashley Campbell",1964-07-14,63
354,John H. Rogers,1964-10-22,John Otero,1964-10-22,61
355,Leonard Christian,1965-09-22,Bonnie Pound Palmer Christian,1965-09-22,65
356,Francisca Elena Corrales,1965-05-19,"Hayes, Francisco Casas",1965-05-19,62
357,Barbara Smith Warner,1967-01-01,"Jones, Barbara Hartsell",1967-01-01,62
358,Tony Smith,1967-03-13,Stephanie Smith,1967-03-13,64
359,Michele Fiore,1970-07-29,"Lefort, Michelle MJCLEAN",1970-07-29,61
360,Ann Lininger,1968-01-01,Danny Seiter Lang,1968-01-01,62
361,"Dr. Seszták, Miklós",1968-10-31,Daryl Smith Mickle,1968-10-31,61
362,Erik Simonson,1968-05-26,Eric Thompson,1968-05-26,62
363,Parker Space,1968-12-04,"Lewis, Patrice Gardner",1968-12-04,61
364,Danny O'Brien,1974-04-02,Brian Gream Dulaney,1974-04-02,62
365,Laurie Halverson,1969-02-08,Maurice Harrison Calvert,1969-02-08,70
366,Karin MacDonald,1969-05-16,Katrina Watson,1969-05-16,62
367,William O'Brien,1969-07-27,William Baker Hill,1969-07-27,67
368,John Davis,1950-01-01,Dennis Davis,1950-01-01,64
369,Adriana Dávila Fernández,1970-12-30,"David, Fernando Aldridge Delacruz",1970-12-30,63
370,Eddie Rodriguez,1971-07-01,Paul Mingus Rodriguez,1971-07-01,61
371,William G. Lamberth,1977-12-05,"Miller, William",1977-12-05,69
372,Ana Hernandez Luna,1978-08-25,Chandra Hernandez,1978-08-25,74
373,Bill Anderson,1948-08-09,Willie Peterson Aucoin,1948-08-09,63
374,Linda Collins-Smith,1962-04-17,"Polston, Donna Collins",1962-04-17,65
375,Alberto Garre,1952-02-10,"Alder, Mark",1952-02-10,61
376,Salomón Majul González,1980-07-04,Samuel Gonzalez Patton,1980-07-04,62
377,Robert Garcia,1955-05-04,ROBERT Ho,1955-05-04,64
378,Christophe Schiltz,1978-12-12,"Christopher, Joan Tedesco",1978-12-12,62
379,Daniela Bartoș,1951-10-05,Andrea Daniels,1951-10-05,64
380,Petelo Hanisi,1953-01-01,Heather Hankins Love,1953-01-01,67
381,Daniel M. Gallagher,1972-05-31,Crystal Gallagher Hamburg,1972-05-31,65
382,Aaron Johanson,1980-01-30,"Garza, Iola Johnson",1980-01-30,69
383,Khuon Sodary,1952-11-08,Nora KuONDO,1952-11-08,61
384,Kathleen A. Marchione,1955-06-13,Kathleen Rodriguez,1955-06-13,63
385,David Meade,1976-06-22,"Brown, David Pea",1976-06-22,62
386,Michael Moran,1971-02-23,Michelle Bird Moreno,1971-02-23,67
387,Larry Williams,1943-11-17,Dorthy Germon Williams,1943-11-17,61
388,Bob Williams,1951-09-10,"Williams, Marie Moore",1951-09-10,62
389,Robert Armstrong,1952-10-01,Robert Norman,1952-10-01,69
390,James Robertson,1966-06-09,James =orin,1966-06-09,64
391,Jochen Esser,1951-05-02,Dexter Johnson,1951-05-02,62
392,William Sharer,1959-09-22,"Collins, Marlene Williams",1959-09-22,63
393,V. Lowry Snow,1950-08-21,Roy Snow,1950-08-21,70
394,Barbara Wheeler,1967-01-01,"Jones, Barbara Hartsell",1967-01-01,65
395,Ryan Williams,1973-06-01,Stephen Murphy Williams,1973-06-01,67
396,Sabine Bangert,1955-04-07,Sonia Swindle Baker,1955-04-07,61
397,César Amín González Orantes,1961-04-01,Brian Grimes Gonzalez,1961-04-01,62
398,Michael Woo,1965-11-01,"Pool, Char2es",1965-11-01,61
399,Lucy Anderson,1965-06-02,"Iverson, micky",1965-06-02,62
400,Karine Poghosyan,1973-05-27,Katherine Ryan,1973-05-27,67
401,JOSE BENITO CABRERA,1963-07-06,Jose Benito Cabrera Cuevas,1963-07-06,84
402,John Stacy,1953-03-29,Stacey Henderson,1953-03-29,62
403,Trine Skymoen,1959-09-24,"Moore, Tracie",1959-09-24,64
404,Johan Christopher Vibe,1963-06-28,Christopher Hardin Wagner,1963-06-28,72
405,Anne SANDER,1973-10-01,"Sanders, Mary",1973-10-01,70
406,Gaston BROWNE,1967-02-09,"Brown, Jessica Tolman",1967-02-09,61
407,Marco Valli,1985-06-29,Robin Cao Valliere,1985-06-29,62
408,Francisco Xavier Alvarado,1978-09-23,Alonzo Aavlrado Davis,1978-09-23,61
409,Karl Schnell,1954-04-07,"Schoenfeld, Larry",1954-04-07,64
410,Axel Ronse,1981-07-20,Daniel Rigdon,1981-07-20,61
411,Aldo Penna,1956-11-01,"Baldwin, Elena",1956-11-01,61
412,André Namotte,1952-08-13,Matthew Andrade,1952-08-13,67
413,Martin Ruch,1962-07-07,Marvin Perry,1962-07-07,61
414,"Christopher Jeffreys, 3rd Baron Jeffreys",1957-05-22,"Folts, Christopher Smith Brown",1957-05-22,62
415,William Izarra,1947-05-07,Joanna Williams iiccR,1947-05-07,63
416,Karine Berger,1973-03-11,katie Cox Barringer,1973-03-11,62
417,Alexander Zhilkin,1959-08-26,Lynn Alexander,1959-08-26,77
418,Konrad Döring,1959-01-01,Melissa King Konrad,1959-01-01,65
419,"Michael Farmer, Baron Farmer",1944-12-17,Michelle Blackshire Freyer Geary,1944-12-17,61
420,Lars Lindemann,1971-05-09,"Labrum, Linda",1971-05-09,69
421,Chris Bishop,1983-09-04,Margie Cross Bishop,1983-09-04,65
422,Robert Pukose,1972-01-03,Jane Roberts,1972-01-03,64
423,Christian Kern,1966-01-04,Christopher Wilkerson,1966-01-04,63
424,Jenny SALESA,1965-01-01,Josephine Salters,1965-01-01,62
425,Frank Warnecke,1965-03-16,Frank Gutman Lee,1965-03-16,67
426,Stephan Brandner,1966-05-29,Stephen Render Thompson,1966-05-29,62
427,José Reyes Baeza Terrazas,1961-09-20,"Jenkins, Elaine Terrazas",1961-09-20,64
428,Daniel Kurth,1973-10-27,Daniel Thompson Krouse,1973-10-27,65
429,Yasmine Larsson,1988-03-17,Marie Glass,1988-03-17,62
430,Jean-Baptiste Lemoyne,1977-09-15,Jeanne Carlisle,1977-09-15,61
431,Françoise Gatel,1953-03-14,"Steil, Francis",1953-03-14,74
432,Lubana MSHAWEH,1955-01-01,"Leanen, Shane",1955-01-01,62
433,Liam Aylward,1952-09-27,Willie Ward,1952-09-27,61
434,Olle Felten,1953-10-28,Ollie Bell,1953-10-28,67
435,Yashira Lebrón Rodríguez,1981-07-24,Leon Hughes Rodriguez Sheppard,1981-07-24,62
436,Ion Berciu,1940-01-01,"Gullion, Eric",1940-01-01,64
437,Michel Bongongo,1950-11-05,"Jones, Michael",1950-11-05,64
438,Patricia Calles Villegas,1965-07-19,PATRICIA vWilder Bonk,1965-07-19,62
439,Samantha Dunn,1964-06-18,Samantha Patrick,1964-06-18,62
440,Tim Ginter,1955-05-25,"Cisneros, TOI",1955-05-25,64
441,Alejandro Millán Mon,1956-01-01,Dave Landers Mcgill Moxley,1956-01-01,62
442,George Hilton,1971-06-11,George Ray,1971-06-11,61
443,Louis Galea,1948-01-02,Lisa ea Beal,1948-01-02,70
444,Anthony Chisholm,1978-02-24,"Holmes, Anthony Vietti",1978-02-24,65
445,Maritza Davila,1963-11-16,"Madrigal, Anita",1963-11-16,64
446,Pat Perkins,1953-09-03,"Perkins, Jesse Martinez",1953-09-03,61
447,Manfred Stephan,1957-09-29,"Schwartz, Stephanie",1957-09-29,61
448,Thomas Mulcair,1954-10-24,Thomas Castro Dubay,1954-10-24,61
449,Margaret Smith,1961-02-18,Rachel Smith Reda Malan,1961-02-18,65
450,Marianne Klicka,1949-12-02,"Flick, Marc Zingler Eck",1949-12-02,65
451,Marilyn Strickland,1962-01-01,"Strickland, Corrine Sierra",1962-01-01,65
452,Markus Klaer,1968-06-26,"Kelson, Mark",1968-06-26,61
453,Martin Brandl,1981-04-27,"Lane, Brian",1981-04-27,61
454,Matthias Graner,1959-05-25,"Green, Maria",1959-05-25,62
455,Michael Aastrup Jensen,1976-03-16,Michael Jamison Hinostroza,1976-03-16,62
456,Michael Arndt,1951-09-03,"Bell, Michael",1951-09-03,64
457,Michael Arnold,1964-04-16,Michael Wells Howard,1964-04-16,65
458,Michael Braun,1956-01-21,Michael Cowart,1956-01-21,67
459,Michael C. Busch,1957-01-04,"Johnson, Michael Gibbs",1957-01-04,61
460,Michael Dietmann,1968-06-29,Michael Dimartino Belisle,1968-06-29,63
461,Michael Groschek,1956-12-09,"Buckley, Michael",1956-12-09,65
462,Michael Heym,1962-02-25,Michael Ewy Andrade,1962-02-25,65
463,Michael Pappas,1960-12-29,"Park, Michael",1960-12-29,77
464,Michael Richter,1954-06-27,Michael Riddle Goard,1954-06-27,63
465,Michael Stier,1965-08-08,"Rogers, Michelle",1965-08-08,64
466,Michaela Hübschle,1950-09-21,Michael Green,1950-09-21,62
467,Ingrid Gady,1957-01-01,Amy Singer,1957-01-01,67
468,Jim Wood,1960-04-10,Mark Wood,1960-04-10,71
469,Dean Schamore,1968-08-19,Dan Hale,1968-08-19,67
470,Christina Gray,1978-11-01,"Weber, Christine Ligon",1978-11-01,63
471,Carl Anderson,1961-02-10,Jill Anderson,1961-02-10,77
472,Charles Beckett,1958-07-25,"ake, Charles Smyth",1958-07-25,62
473,Melina Bath,1966-12-18,Martin Bash,1966-12-18,64
474,Chris Law,1969-10-21,Chris Gabel,1969-10-21,70
475,Brendan O'Hara,1963-04-27,"Camter, Brenda",1963-04-27,67
476,Stephen Gethins,1976-03-28,Stephen Hofmann,1976-03-28,67
477,Steven Paterson,1975-04-25,Steven Zabher Masterson Nguyen,1975-04-25,62
478,Patrick Grady,1980-02-05,Patricia May,1980-02-05,72
479,Edward Argar,1977-12-09,Carol Edwards,1977-12-09,72
480,Melisa Rodríguez Hernández,1986-07-09,louise Rogers Fernandez,1986-07-09,64
481,Michel Forst,1953-01-01,"Fwrs, Helen",1953-01-01,64
482,Norbert Beck,1954-07-26,Robert Benson,1954-07-26,64
483,Christine Teunissen,1985-09-06,"Torres, Christine Oyler",1985-09-06,63
484,Gladys González,1973-05-30,Gladys Parke,1973-05-30,62
485,Ricardo Guidi,1977-09-28,"Maguire, Richard",1977-09-28,71
486,Kenneth LAU Ip-keung,1966-01-01,Kenneth Mills Kroeger,1966-01-01,63
487,Thomas Heine,1953-01-01,Melinda Rowe Thompson,1953-01-01,61
488,Teresa Garcia i Muñoz,1975-12-03,Teresa Hanna Ingram,1975-12-03,62
489,PAUL FRANKLIN WATSON,1950-12-02,Paul Franklin Watson,1950-12-02,100
490,Richard Blumenthal,1946-02-13,Richard Hamilton Brenner,1946-02-13,67
491,André Antoine,1960-02-03,Dana Hanlin,1960-02-03,61
492,Ghada Fathi Waly,1965-01-01,Chandra Bair Wallace,1965-01-01,61
493,Kenneth Cooper Alexander,1966-10-17,"Myers, Alexander Moon",1966-10-17,64
494,John S. Edwards,1943-10-06,Rudy Edwards,1943-10-06,62
495,Stephanie Lose,1982-12-14,"Schaper, Stephanie Perkins",1982-12-14,62
496,Alen Simonyan,1980-01-05,Ione Reagan Galyean,1980-01-05,62
497,Patricia Haynes Smith,1946-04-01,Larry Smith IAHNES,1946-04-01,67
498,Chris Matheson,1968-01-02,Margaret Strong Harris,1968-01-02,61
499,Craig Williams,1974-06-07,Kay Williams,1974-06-07,77
500,PIZARRO RODRÍGUEZ MIGUEL ALEJANDRO,1988-02-17,Alejandro Vu Lucero,1988-02-17,62
501,Allen McNeill,1951-09-28,"Allen, Rex",1951-09-28,64
502,António Ximenes da Costa,2000-01-01,Antonia Castaneda Cuevas,2000-01-01,64
503,Peter Mayer,1976-11-10,"Pelletier, Mary Mode",1976-11-10,67
504,Alexandr Bannicov,1962-03-12,"Blazer, Scott Alexander",1962-03-12,67
505,Eduardo Lagos Herrera,1967-01-17,"Herrera, Carlos Luna",1967-01-17,70
506,Kellas Christos,1958-01-01,"Mikell, Christa",1958-01-01,76
507,Eléni Psarréa,1982-01-01,Bernard Parra Long,1982-01-01,62
508,Doris Hahn,1981-02-02,Doris Tighe Hupp,1981-02-02,62
509,Wes Taylor,1962-01-01,"Wiese, Ellen Taylor",1962-01-01,71
510,Robin L. Williams,1961-12-08,"Bowler, William Brown Robinson",1961-12-08,67
511,Aurelian Ionescu,1977-10-17,Maria Schupp Rice,1977-10-17,61
512,Iulian-Radu Surugiu,1984-07-10,Allan Lord Sturgis,1984-07-10,65
513,Teresa Glenc,1958-05-27,Teresa Beck Blanchard,1958-05-27,61
514,Catherine McKenna,1971-08-05,Catherine Quale Oram,1971-08-05,65
515,Michael Lindner,1983-02-26,Michael Harriman,1983-02-26,65
516,Esperanza García González,1975-01-01,"Esperanza C""un Starling",1975-01-01,61
517,Robert Bläsing,1982-11-27,Robert Bode Nicholls,1982-11-27,61
518,Leila Rodríguez Stahl,1942-03-30,Shelly Rodriguez Hogue,1942-03-30,67
519,Roberto Bizzo,1955-02-20,Robert Lewis,1955-02-20,64
520,Robin Carnahan,1961-08-04,"Robinson, Arnold Hannah",1961-08-04,67
521,Jean-Claude Perez,1964-03-31,Donald Cane Perez,1964-03-31,65
522,Roland Heintze,1973-04-29,"Cagle, Roland Nelson",1973-04-29,61
523,Ronald Mormann,1966-12-09,Isreal Doran,1966-12-09,62
524,Isabelle Dumont,1975-11-09,Shelley Guzman,1975-11-09,62
525,Ruth Becher,1956-01-28,"Boucher, Keith",1956-01-28,67
526,Santiago Nicolás Igon,1977-10-24,Nichole Tran Samaniego Ledin,1977-10-24,62
527,Hal Harper,1948-03-11,"Sharpe, Cecil",1948-03-11,64
528,William Amos,1974-12-04,"Ramos, Stella",1974-12-04,67
529,Bernadette Jordan,1963-04-07,Bernadette Johnston Jiminez,1963-04-07,64
530,Peter Lawrence,1950-06-16,Carmen Peters,1950-06-16,74
531,"EICHTINGER, Martin",1961-04-05,evelina Fletcher Martin,1961-04-05,65
532,Mark Harbers,1969-04-19,"Haynes, Mark",1969-04-19,78
533,Scott Klug,1953-01-16,Roger Scott,1953-01-16,67
534,Chen Man-li,1955-02-05,"Moreno, lisa Callen",1955-02-05,62
535,John Brady,1973-07-18,"Young, Bradley",1973-07-18,70
536,Marcolino Franco,1959-10-04,Claire Guzman Marcolina,1959-10-04,62
537,Frauke Martin,1944-05-13,Fred Morison,1944-05-13,64
538,Thomas Stadelmann,1958-10-28,Thomas Bostick Holman,1958-10-28,68
539,Daniel Ben-Simon,1954-04-29,Daniel sPessil Bohn,1954-04-29,69
540,Stephan Lenz,1968-09-05,Lisa Stephens,1968-09-05,64
541,Bert Moyaers,1980-09-20,Mallory Paris Heart,1980-09-20,65
542,Alexandra Arce,1977-07-31,Mark Alexander Chambers,1977-07-31,65
543,Éric Besson,1958-04-02,"Benson, Michael",1958-04-02,67
544,Artashes Geghamyan,1949-12-02,Ryan Gorham Braswell,1949-12-02,63
545,Silvio SCHEMBRI,1985-05-21,Chris Filion,1985-05-21,67
546,Goretti Reis,1961-02-13,Robert Garrett,1961-02-13,62
547,Abdurrahman Başkan,1964-01-01,Ana Baran Abdul,1964-01-01,67
548,Alison Harris,1965-07-23,"Harris, Corey Aldrich",1965-07-23,67
549,René Yandún,1946-11-29,Brenda Tanner,1946-11-29,64
550,Michelle Brown,1969-12-30,Michelle George,1969-12-30,69
551,Doreen Wonda Johnson,1953-03-07,John Scott Johnson,1953-03-07,63
552,Urmil Thakur,1958-04-01,Cyril Baker,1958-04-01,61
553,Julian Leeser,1976-05-25,"Teeter, Jesus Litzau",1976-05-25,62
554,Thomas Ammann,1964-07-13,Thomas Leone,1964-07-13,64
555,Thomas Kind,1966-05-05,Mary Thomas,1966-05-05,64
556,Jennifer Monserrate,1970-01-01,"Tarantino, Jennifer Simms",1970-01-01,65
557,Sandra Wallner-Liebmann,1968-01-01,Sandra Logan Solano,1968-01-01,62
558,Ulrike Hiller,1965-06-11,Julie Gilley Price,1965-06-11,65
559,Antoni MARTI Petit,1963-07-30,Bret Antonio,1963-07-30,67
560,Michel De Maegd,1969-09-10,Michael Ferri Gregory,1969-09-10,61
561,John Dolan,1956-01-13,"Holler, John",1956-01-13,67
562,Michael Driscoll,1960-01-01,Michael Jacobs,1960-01-01,67
563,Mike Christian,1970-01-13,Christina kahle Cross,1970-01-13,63
564,Richard Czarnecki,1963-01-25,Richard Gale,1963-01-25,69
565,Walter Arnold,1949-08-13,Sharon Weaver,1949-08-13,62
566,Rodrigo Martins,1982-08-02,Robert Stein Martin,1982-08-02,65
567,Irmadi Lubis,1952-02-07,Lisa Baird,1952-02-07,64
568,Antonio Cheramy,1974-11-28,"Campbell, Antonia",1974-11-28,65
569,Werner Schreiber,1941-08-17,lure Riley Warner,1941-08-17,61
570,BRUANT Virginie,1979-01-01,Virginia Ward Bravo,1979-01-01,65
571,Wilfried Wengler,1944-04-11,Wilford Neal,1944-04-11,64
572,Andrew Wallace,1968-04-23,Diana Crago Wallace,1968-04-23,61
573,David Littleproud,1976-09-04,David Dillon,1976-09-04,62
574,Steven Baker,1971-06-06,Soon Smith Baker,1971-06-06,64
575,Stephen Barclay,1972-05-03,"Say, Stephen Burnette",1972-05-03,69
576,Alexander Italianer,1956-03-16,Alexander Pealer,1956-03-16,80
577,Berhane Adere,1973-07-21,"Vance, Delores",1973-07-21,62
578,Phil Wilson,1959-05-31,Megan Wilson,1959-05-31,61
579,Charles Walker,1967-09-11,suki Harada LoSez Walker,1967-09-11,68
580,IVANOV Victor Petrovich,1950-05-12,Viktor Petrovitsj Ivanov,1950-05-12,85
581,Albert Schmidt,1951-02-13,Albert Webster,1951-02-13,64
582,Alfons Braun,1940-12-10,RYAN Jacobs,1940-12-10,61
583,Alison Johnstone,1965-10-11,Ann Johnson Johnson,1965-10-11,69
584,Mark Williams,1966-03-24,William Scott Larsen,1966-03-24,61
585,Roger Williams,1948-01-22,William Anderson Albero,1948-01-22,65
586,Gregory Campbell,1953-02-15,"Adams, Gary Beall",1953-02-15,62
587,Robert E. Walls,1941-01-01,Robert William Dudley,1941-01-01,69
588,Richard Burden,1954-09-01,"Carney, Richard",1954-09-01,71
589,Krisztina Morvai,1963-06-22,Kristina Kozma Mena,1963-06-22,63
590,Patricia Pike,1954-10-24,"Smith, Patricia Ramirez",1954-10-24,63
591,Travis Fitzwater,1981-05-22,Travis Herz,1981-05-22,67
592,Robert Osterhaus,1931-01-30,Robert Hauff Altmiller,1931-01-30,68
593,Edward Timpson,1973-12-26,Young Edwards,1973-12-26,67
594,Hafiz Muhammad SAEED,1950-06-05,"Sayeed, Hafez Mohammad",1950-06-05,88
595,Kimberley Kitching,1970-02-16,"Koch, Kimberly",1970-02-16,77
596,James G. Ward,1942-12-07,Mark James Reed Fry,1942-12-07,65
597,Chance Irvine,1940-11-25,Alice Rainer,1940-11-25,64
598,Julen Bollain,1990-03-28,"Worden, JULIE Collins",1990-03-28,67
599,Jorge Marún,1954-03-09,"Lassiter, Jorge",1954-03-09,67
600,Patricia Farley,1974-01-01,Patricia Miller Ham,1974-01-01,71
601,Ken Leonhardt,1954-04-02,"Leonard, Carolyn",1954-04-02,64
602,Kenneth Wilson,1954-05-01,"Ward, Kenneth Souers",1954-05-01,61
603,Michael Barnes,1943-09-03,"Moore, Michael Krebs",1943-09-03,61
604,Caroline Johnson,1977-12-31,"Carter, Lon Johnson",1977-12-31,71
605,Armindo Ramos,1953-01-01,"Ramos, Marilyn Ford",1953-01-01,65
606,Sally-Anne Frances JONES,1968-11-17,"Jones, Sally Anne",1968-11-17,80
607,Stephen Donaghue,1973-01-07,"Klase, Stephen",1973-01-07,69
608,Scott Jensen,1954-11-19,Mike Scott,1954-11-19,64
609,Michael P. Mullin,1981-10-18,Michael Munson Clark,1981-10-18,61
610,Tremaine Wright,1972-11-02,"Lundberg, Marie Wright",1972-11-02,67
611,Bryan Williams,2000-01-01,"Mcelroy, Samantha Williams",2000-01-01,67
612,Janice Braide,1943-09-15,"Bryant, Joanne",1943-09-15,62
613,Carlos Manato,1957-08-07,Megan Castro,1957-08-07,64
614,Jenni Pitko,1986-08-15,Jennifer Wilkerson,1986-08-15,62
615,Ana Mato,1959-09-24,Anna Bardo,1959-09-24,67
616,David Miller,1946-11-24,David Myers,1946-11-24,78
617,Severa González López,1967-11-05,"Gonzalez, Sarah",1967-11-05,67
618,Alexandra Louis,1983-09-17,Toni Alexander Echols,1983-09-17,67
619,Christopher D. Dingell,1957-02-23,Christopher Luna Wescott,1957-02-23,62
620,Joseph Paritzky,1955-09-14,"Kelly, Joseph",1955-09-14,67
621,Steven Solomon,1993-05-16,Steven Meighan,1993-05-16,64
622,Carla Dejonghe,1966-08-25,Carol Viejo,1966-08-25,64
623,Catherine Morin-Desailly,1960-07-06,Catherine Joyce Mullins,1960-07-06,64
624,Timothy Masiu,1964-11-25,Timothy Schultz,1964-11-25,71
625,Christian Lévesque,1970-05-29,"Vega, Christin Skelton",1970-05-29,63
626,David Davies,1970-06-01,"Mata, David Willis",1970-06-01,62
627,Michael Sheen,1969-02-05,Shelly Myers Michaud,1969-02-05,61
628,Matthew Pottinger,1973-01-01,Matthew Merritt Rohling,1973-01-01,65
629,Martine Taelman,1965-07-19,Lyman Beattie,1965-07-19,64
630,Martin Vincentz,1986-04-22,Matthew Lee Vincent,1986-04-22,65
631,Thomas Röckemann,1965-01-03,Thomas Brown Decker,1965-01-03,65
632,John M. Richardson,1960-04-08,John Mason,1960-04-08,74
633,Alana Paon,1970-01-01,Linda Mason Gray,1970-01-01,62
634,Richard Ojeda,1970-09-25,Richard English,1970-09-25,64
635,Charles Smith,1970-10-04,Margaret Smith,1970-10-04,67
636,Carles Ruiz Novella,1962-01-01,"Rueb, Ozell Farmer",1962-01-01,61
637,Daniel Ratthé,1956-06-08,"Mcelrath, Jean",1956-06-08,64
638,Andreas Hein,1967-12-29,Jason Andrews,1967-12-29,64
639,Danièle Hérin,1947-01-14,Danielle Smith HammoRs,1947-01-14,61
640,Christine Neumann,1986-10-03,"Hayes, Joann Christiano",1986-10-03,67
641,Alex Sobel,1975-04-26,"Bogner, Alexis",1975-04-26,61
642,John Resman,1955-04-04,John Kim,1955-04-04,63
643,David Duguid,1970-10-08,David Guidi,1970-10-08,87
644,Michael Kindsgrab,1964-04-27,Michael Duran,1964-04-27,73
645,Anne-Laurence Petel,1970-02-08,Lawrence Barnett,1970-02-08,63
646,Laurianne Rossi,1984-05-18,Martha Ross,1984-05-18,62
647,Michel Larive,1966-08-22,Michael Hwakins,1966-08-22,64
648,Lionel Causse,1971-05-06,"Bussen, Connie",1971-05-06,62
649,Mireille Robert,1962-03-01,Robert Erv?&n Hill,1962-03-01,69
650,Laurent Garcia,1970-05-31,Oeon Garcia Melanson,1970-05-31,65
651,Thomas Rudigoz,1971-01-11,"Thomas, Craig",1971-01-11,77
652,Michael Fallon,1952-05-14,"Caldon, Charles",1952-05-14,64
653,Adrien Morenas,1982-01-01,Drew Morgan Watson,1982-01-01,62
654,Elaine Taylor,1967-12-03,"Taylor, Dale hall",1967-12-03,62
655,Elaine Smith,1963-05-07,"Mccoun, Deanne Smith",1963-05-07,65
656,Ricardo Ceppas Archer,1981-04-22,Cheryl Gamble Richardson,1981-04-22,62
657,Peter Mandelson,1953-10-21,"Kelly, Peter",1953-10-21,62
658,Marwan Dasopang,1962-06-12,Joan Minardi Davis,1962-06-12,61
659,Robert Raica,1954-03-13,Robert Blair Jordan,1954-03-13,65
660,Ioannis LAGOS,1972-09-07,"Lawson, Joanne",1972-09-07,62
661,"MARIN ARANGO, Luciano",1955-06-06,Ivan Luciano Marquez Marin Arango,1955-06-06,75
662,Jean-Jacques Panunzi,1956-04-05,"Smith, Jean Curtis Paul",1956-04-05,62
663,Jean-Michel BLANQUER,1964-12-04,"Belanger, Janet Zeigler",1964-12-04,62
664,Jean-Michel FOURGOUS,1953-09-30,Lea Mitchell Bousquet,1953-09-30,63
665,Jean-Pierre Blazy,1949-11-24,en Bonilla Gutierrez,1949-11-24,65
666,Jean BESSON,1938-08-15,"Johnson, Juan",1938-08-15,61
667,John Anderson,1956-11-14,"Anderson, Donald Patton",1956-11-14,63
668,Luan Harusha,1971-04-13,Lila Hartis,1971-04-13,61
669,Kirk MacDonald,1976-01-01,Barbara Macdonald,1976-01-01,71
670,Kris Austin,1979-01-01,Barbara Gibbs Austin,1979-01-01,65
671,Andrea Marto,1957-09-05,dan Smart Hyer,1957-09-05,62
672,Linda Duncan,1949-06-25,Glinda Carpenter,1949-06-25,64
673,Christopher P. Gibson,1964-05-13,Christopher Warren Jackson,1964-05-13,70
674,Marc Laménie,1956-07-11,Mary Hillman,1956-07-11,61
675,Maria João Rodrigues,1955-09-25,Clinton Martin Rodriguez Eyre,1955-09-25,62
676,Andrea Stullich,1965-06-10,Andrew Sullivan Rupe,1965-06-10,63
677,Thomas A. Dunn,1942-10-12,Sylvia Thomas,1942-10-12,62
678,Michel Clérié,1947-09-28,"Rieth, Michael Clemmer",1947-09-28,62
679,Michel GRALL,1961-09-11,Michael Janelle Kozel,1961-09-11,61
680,Michel Le Scouarnec,1949-07-12,al Courtney Chavez,1949-07-12,65
681,Michel Vialay,1960-01-06,Michael Whelan,1960-01-06,67
682,Mike Schreiner,1969-06-09,"Schneider, Jack",1969-06-09,64
683,Marie-Christine Lepetit,1961-08-27,"Lombardi, Christine Jackson",1961-08-27,61
684,Stephen Byers,1953-04-13,Stephen Foster,1953-04-13,74
685,Susan Kramer,1950-07-21,Susan Cain Seger,1950-07-21,64
686,Nicol Stephen,1960-03-23,Stephen Henshaw,1960-03-23,64
687,Nicolas Forissier,1961-02-17,Nicolas Musser Jones,1961-02-17,70
688,Nicole Loiselle,1954-03-08,Nicole Young Lewis,1954-03-08,61
689,Anders Ygeman,1970-06-17,Jean Cavin Dickerson,1970-06-17,61
690,Kali Mountford,1954-01-12,Alicia Moore,1954-01-12,62
691,ELIZABETA KANCHESKA-MILEVSKA,1970-06-30,"Johnson, Elizabeth Miners",1970-06-30,62
692,David Anderson,1953-12-02,Andrew Maris Larson,1953-12-02,67
693,John Stevenson,1963-07-04,Owen Jones Stephenson,1963-07-04,69
694,Richard Bélisle,1946-07-20,Richard Erving,1946-07-20,64
695,Richard Raši,1971-04-02,"Ivy, Richard Hart",1971-04-02,71
696,Robert Fadel,1970-01-12,Ariel Kropp Roberts,1970-01-12,65
697,Robert Spieler,1951-12-18,Robert Snider Williams,1951-12-18,61
698,Roberta Pantani,1965-09-19,"Penatac, Robert Oddo",1965-09-19,65
699,Min Aung HLAING,1956-07-03,"Hlaing, Min Aung",1956-07-03,100
700,Clay Aiken,1978-11-30,Carly Aitken Maier,1978-11-30,64
701,Sheila Camerer,1941-12-15,Carrie Seiler Price,1941-12-15,61
702,Stéphane Demilly,1963-06-26,"Mctigue, Stephanie Andres",1963-06-26,62
703,Tarek William SAAB HALABI,1962-09-10,Anita Farmer Williams,1962-09-10,61
704,Michael Kocáb,1954-07-28,Michael Long,1954-07-28,75
705,Julia Brownley,1952-08-28,Justin Brown Fletcher,1952-08-28,63
706,AUGELLO Andrea,1961-02-24,Lora Andrews,1961-02-24,62
707,ORLANDO Andrea,1969-02-08,"Holland, Jose Anderson",1969-02-08,63
708,William Paxon,1954-04-29,"Reid, William Allen",1954-04-29,65
709,BOLDRINI Laura,1961-04-28,"Clark, Brian",1961-04-28,64
710,Vin Weber,1952-07-24,Erin Ewert,1952-07-24,63
711,Paride Andreoli,1956-09-15,Anne Drumgoole Parish,1956-09-15,61
712,Ann McLane Kuster,1956-09-05,Ann Chester Scanlan,1956-09-05,72
713,James Gray,1954-11-07,"Ackerman, James",1954-11-07,67
714,Andrew Griffiths,1970-10-19,Andrew Boatright,1970-10-19,62
715,Andrew Gwynne,1974-06-04,Andrew Rees,1974-06-04,67
716,Naftali Bennett,1972-03-25,"Bennett, Thomas",1972-03-25,62
717,Thomas Seitz,1967-10-08,"Nine, ella Thomas",1967-10-08,64
718,Henrik Abrahamyan,1954-06-26,"Bryan, Dennis",1954-06-26,62
719,Chris Stewart,1960-07-15,Cathy Stewart Ramey,1960-07-15,69
720,Josephine Ortleb,1986-11-25,Josephine Sipriano,1986-11-25,65
721,ELIECER HERLINTO CHAMORRO ACOSTA,1956-01-10,Herlinto Chamorro Acosta,1956-01-10,86
722,Alexey Alexeyevich GROMOV,1960-05-31,Alexey Alexeyevich Gromov,1960-05-31,100
723,François Delattre,1963-11-15,"Francis, Edward",1963-11-15,67
724,Lamar Alexander,1940-07-03,Alexander Seidman Cleveland,1940-07-03,67
725,KALASHNIKOV Leonid Ivanovich,1960-08-06,Leonid I. Kalaschnikow,1960-08-06,78
726,Daniele Monroe-Moreno,1964-01-01,"Book, Daniel Smart Trevino",1964-01-01,61
727,Rimantas Remeika,1962-08-01,Tasha Freeman,1962-08-01,62
728,Christian Miele,1981-02-28,Chris Larson Lemm,1981-02-28,62
729,Imad Abdul-Ghani SABOUNI,1964-01-01,Ana Baran Abdul,1964-01-01,62
730,Hristina Hristova,1954-01-21,christina Smith Smith,1954-01-21,63
731,William McCurdy,1988-01-01,Carl Hall Williams,1988-01-01,61
732,Carola Ensslen,1961-09-30,Carol Lucas Owens,1961-09-30,65
733,Rosa Aguilar,1957-07-07,John Aquilar,1957-07-07,67
734,Levon Sargsyan,1968-02-07,Sara Livingston,1968-02-07,62
735,Michael Ho,1955-11-06,"Brown, Michael Hosea",1955-11-06,69
736,Loren Legarda,1960-01-28,Edward Moore,1960-01-28,64
737,Dayle Haddon,1948-05-26,Naomi Dale,1948-05-26,64
738,Howard Kunda,1975-02-24,John Howard,1975-02-24,70
739,Alison Redford,1965-03-07,Alison Merrilla Redford,1965-03-07,76
740,Heather Wilson,1960-12-30,Heather Ann Wilson,1960-12-30,88
741,Mary Bono Mack,1961-10-24,Maria Bono Mack,1961-10-24,90
742,Kristina Zakrisson,1956-01-01,"Davidson, Christina Fultz",1956-01-01,62
743,Laura Richardson,1962-04-14,Richard Mcclurg Zinzow,1962-04-14,63
744,Shelly Simonds,1967-11-09,Billy Sisson,1967-11-09,62
745,Bernadette Arnoldner,1978-02-01,"Landers, Lynette",1978-02-01,63
746,Aaron Jack,1975-10-20,"Carlson, Jack",1975-10-20,82
747,Joe Cluster,1979-07-05,Jacob Hunter,1979-07-05,61
748,Matt Mead,1962-03-11,Mark Marett,1962-03-11,70
749,Alan Williams,1945-12-21,Duane Willis,1945-12-21,72
750,Salahi Şahiner,1980-01-01,Ruth Galaviz Rhine,1980-01-01,62
751,Emilie Edwige KONIG,1984-12-09,Emilie Samra Konig,1984-12-09,65
752,"Alfred Lawson, Jr.",1948-09-21,Fred Robinson,1948-09-21,62
753,Ali Karimli,1965-04-28,Alisa Ali,1965-04-28,70
754,Alice Palmer,1939-06-20,Alice Moore Jagolw Vu,1939-06-20,61
755,Alister Paterson,1959-03-14,Esther Wilson Turner,1959-03-14,61
756,Allan Morris,1940-07-26,Akiko Barone Morris,1940-07-26,65
757,Sergey Vitalyevich BEZRUKOV,1973-10-18,"Bezrukov, Sergey Vitalyevich",1973-10-18,100
758,Alyson Huber,1972-03-01,Robert Hanson,1972-03-01,64
759,Hasani Ellis,1985-08-17,"Fisher, Susan Bell",1985-08-17,62
760,Ameer Sachet,1963-01-01,Merle Rol2o Sanchez,1963-01-01,65
761,Robert P. Chamberlin,1965-04-06,Clarice Hendrie Chamberlain,1965-04-06,61
762,Eli Wathne,1970-09-26,Celia Cradine,1970-09-26,61
763,Ana Hernandez,1978-08-25,Chandra Hernandez,1978-08-25,87
764,Ricardo Arruda,1962-01-01,"Aguirre, Richard",1962-01-01,69
765,Andrew Lungay,1942-05-16,Andrew Jones,1942-05-16,64
766,Andrew Williams,1959-01-01,"Coleman, William",1959-01-01,67
767,Andy Thompson,1963-02-08,Carolyn Duncan Thompson,1963-02-08,61
768,Angela Williams,1964-02-14,"Coleman, William",1964-02-14,67
769,Ann Williams,1968-01-01,William Oden,1968-01-01,75
770,Anthony Campbell,1936-10-30,Anthony Carter,1936-10-30,73
771,Anthony DeVitis,1965-07-14,"Reilly, Anthony",1965-07-14,69
772,Anthony Evans,1934-06-11,Anthony Summerville,1934-06-11,62
773,Stephen James Frost,1972-03-30,Stephen Makinen Carter,1972-03-30,63
774,Art Staed,1949-04-21,Arthur Steu=er,1949-04-21,61
775,Ana Miranda Paz,1971-05-02,Patrick Crandall asin,1971-05-02,61
776,Ali Abdullah SALEH,1942-03-21,Ali Abd Allah Salih,1942-03-21,65
777,Barbara A. Frush,1945-05-31,"Martin, Barbara",1945-05-31,62
778,Barbara J. Stephenson,1958-01-01,Barbara Johnson Hill,1958-01-01,70
779,Barbara Lifton,1950-01-01,"Torrence, Barbara",1950-01-01,73
780,Bert Johnson,1964-10-22,Bill Ellison Johnson,1964-10-22,62
781,William O'Chee,1965-06-19,Angela Williams Taylor,1965-06-19,61
782,Bill Walker,1966-01-01,"Biggs, Russ?l Walker",1966-01-01,67
783,Rose-Marie Carlsson,1954-11-13,"Mcdaniel, Rfos Carpenter",1954-11-13,62
784,Rainer Brüderle,1945-06-22,Bryan Dery Ramirez,1945-06-22,62
785,Tina Joemat-Peterson,1963-12-18,"Patterson, Sandra Debem",1963-12-18,62
786,Brett Hildabrand,1981-03-03,Mary Durrett Miller Hildebrand,1981-03-03,61
787,David Alward,1959-12-02,"Ballard, Sidney",1959-12-02,62
788,Brian Kemp,1963-11-02,"Myers, Brian",1963-11-02,67
789,Andreas Dressel,1975-01-06,Jesus Andrus,1975-01-06,67
790,Bruce Marks,1957-03-14,Frank Bruce Wilson,1957-03-14,62
791,Anna Wallén,1980-11-21,Alanna Vaughn,1980-11-21,61
792,Andreas Kugler,1967-12-23,"Tinkler, Anna Davis",1967-12-23,62
793,Cameron DeJong,1979-10-03,Joyce Cameron Mcrae,1979-10-03,61
794,Cameron S. Brown,1954-07-06,"Brown, James Meyers",1954-07-06,67
795,Jorien Wuite,1964-12-06,"White, Joseph",1964-12-06,67
796,Carlos Pagán,1954-08-27,"Barrios, Dawn",1954-08-27,61
797,Carol Roessler,1948-01-16,Carol Serviss Kubesh,1948-01-16,65
798,Carol Williams,1949-09-03,William Barron,1949-09-03,79
799,Catherine Delahunty,1953-01-01,"Goff, Catherine",1953-01-01,61
800,Catherine Fall,1967-10-02,"Brown, Catherine Facer Lloyd",1967-10-02,68
801,Catherine Fraser,1947-08-04,Catherine Simon Finley,1947-08-04,63
802,Catherine Holmes,1956-10-12,"Thomas, Katherine Cavicchia",1956-10-12,67
803,Catherine Meyer,1953-01-26,Gail Meyers Jones,1953-01-26,62
804,Charles Allen,1957-01-04,"Bradley, Charles Wolfe",1957-01-04,65
805,Laura Díaz Román,1959-09-15,Lauran Elder,1959-09-15,62
806,Charles Burson,1944-08-28,Harold Anderson,1944-08-28,62
807,Charles Keter,1969-11-22,Charles Sprague,1969-11-22,64
808,Charles H. Nesbitt,1947-01-01,Charles Hawk Rogers,1947-01-01,67
809,Charles Perry,1962-03-09,Charlotte Perry Toft,1962-03-09,73
810,Charles Pyngrope,1960-09-09,"Haight, Charles Root",1960-09-09,63
811,Charles Schlottach,1955-10-12,"Horne, Charles",1955-10-12,65
812,Chris Ellison,1954-06-15,Carlos Dellinger,1954-06-15,62
813,Chris Gibson,1951-05-24,Christopher Wilson Varga,1951-05-24,61
814,Chris Hart IV,1968-08-11,Charles Harris,1968-08-11,67
815,Chris Mole,1958-03-16,"Dooley, Charles",1958-03-16,67
816,Chris Taylor,1968-01-13,"Saylor, Fred",1968-01-13,61
817,Christian Leysen,1954-01-01,Cory Christian Lo,1954-01-01,67
818,Li Weimin,1963-01-01,"Ellis, Gwen",1963-01-01,63
819,Christine Elliott,1954-01-01,Cory Christian Lo,1954-01-01,65
820,Christine Johnson,1968-12-25,Christine Hines Johnson Dawson,1968-12-25,72
821,Christopher Fraser,1962-10-25,"Gray, Christopher Smith",1962-10-25,75
822,Christopher J. Connors,1956-06-26,Christopher Hart Cunningham Harris,1956-06-26,65
823,Paula Davis,1973-11-25,"Salvadore, David",1973-11-25,62
824,Constance N. Johnson,1952-05-11,Hope Snider Johnson,1952-05-11,63
825,Mikhail Alexandrovich AFANASOV,1953-06-05,Michail Aleksandrovitj Afanasov,1953-06-05,85
826,Michael Bernard,1969-06-19,Michelle Hannaford,1969-06-19,67
827,Cory Mason,1973-01-25,Doris vason,1973-01-25,67
828,Lawrence Cannon,1947-12-06,"Cannone, Floyd Martin",1947-12-06,63
829,Pär Ahlberger,1962-01-01,Albert Gardner,1962-01-01,62
830,BERARDI Roberto,1972-06-04,"Blue, Debra Roberts",1972-06-04,67
831,Dale Righter,1966-08-23,Adam Wright Ivey,1966-08-23,64
832,Dale Schultz,1953-06-12,"Schulte, James",1953-06-12,72
833,JONG GIL O,1962-08-30,O Jong Gil,1962-08-30,100
834,Daniel Andrews,1972-06-06,Andrew Marini,1972-06-06,74
835,Daniel L. Anderson,1968-09-20,Daniel Baker Sellers,1968-09-20,65
836,Darlene Senger,1955-07-28,"Munter, Darren",1955-07-28,67
837,André Schröder,1969-04-21,"Tarr, Andrew",1969-04-21,61
838,Floridia Barbara,1977-02-05,"Smith, Barbara",1977-02-05,62
839,David John Maynier,1968-10-22,David Jensen Muir,1968-10-22,69
840,Namwandi Richard David,1954-02-24,"Inman, Richard Kaneta",1954-02-24,62
841,David Nason,1970-10-06,"Davis, suNan May",1970-10-06,62
842,David Pierre,1967-06-04,"Joyce, David",1967-06-04,61
843,David Rouzer,1972-02-16,John Rouse David,1972-02-16,71
844,Nardo Marino,1964-06-03,Nancy Malin,1964-06-03,61
845,Maria Domenica Castellone,1975-04-03,"Collins, Maria Doering",1975-04-03,65
846,Urraro Francesco,1973-10-18,Frances Reese,1973-10-18,62
847,Dale Tillery,1957-02-17,Karen Miller,1957-02-17,67
848,Deborah Markowitz,1961-09-14,"Hofmann, Deborah",1961-09-14,62
849,Robert Brieger,1956-11-21,Robert Wade Ramirez,1956-11-21,61
850,Edward Leong,1939-04-23,"Nobles, Edward Gee",1939-04-23,62
851,Edward Müller,1958-10-13,Florence Edwards,1958-10-13,64
852,Elizabeth QUAT,1967-12-23,Elizabeth Soliz,1967-12-23,69
853,Ellie Hill,1975-06-30,beD Hill,1975-06-30,67
854,Emily McAsey,1978-03-14,Emil Tate,1978-03-14,67
855,Eric Burlison,1976-10-02,Jeri Brown,1976-10-02,70
856,Evan Berger,1960-04-02,"Ryan, Samuel Berger",1960-04-02,62
857,Everett McDonald,1958-01-01,Angie Mcdonald Guerrero,1958-01-01,67
858,PAZZAGLINI Giuliano,1968-04-29,"Smith, Paul Giuliano",1968-04-29,68
859,Céline Brulin,1970-03-04,"Kline, Kimberly",1970-03-04,62
860,Carmen Ibáñez Soto,1959-02-07,Marie Soto,1959-02-07,62
861,Frank Hornstein,1959-09-27,Frank XChen,1959-09-27,62
862,Lawrence Childers,1944-01-01,Lawrence Collins Coon,1944-01-01,63
863,Anja Wagner-Scheid,1974-10-09,"Sadowski, Evia Wagner Schmitt",1974-10-09,61
864,Martin Kotleba,1978-03-12,"Foster, Lena Parvin",1978-03-12,62
865,Gayle Wright,1951-01-01,"White, Gail",1951-01-01,64
866,Jorge Martínez Durán,1962-11-19,Jorge Wetmore Martinez,1962-11-19,65
867,Gerry Reynolds,1961-04-01,Gary Reed,1961-04-01,61
868,Jan R. Andersson,1970-12-05,John Anderson Watson,1970-12-05,69
869,Thomas BLOMQVIST,1965-01-15,Carl Thomas Grove,1965-01-15,61
870,Harilal Manilal Patel,1941-01-01,April Kowalski Pastel,1941-01-01,62
871,Harry Brown,1955-04-13,Barry Armstrong,1955-04-13,62
872,Erdin Bircan,1959-09-24,"Burciaga, Fern",1959-09-24,64
873,Dan Eliasson,1961-08-14,Dylan Hess,1961-08-14,64
874,Henrik von Sydow,1976-01-01,Herbert Sandow Stone,1976-01-01,61
875,Jan Thompson,1965-08-25,Andrew Hampton,1965-08-25,62
876,Patricia Lemoine,1961-12-30,"Allen, Patricia Huston",1961-12-30,70
877,François Benoy,1985-02-07,"Ramos, Anthony",1985-02-07,62
878,Carlos Cantero,1956-11-11,"Roberson, Charles Anderson",1956-11-11,62
879,Christopher Pincher,1969-09-24,Christopher Mo,1969-09-24,73
880,Jan Schiffers,1977-01-01,Joann Schneider,1977-01-01,71
881,Christopher Sharrock,1975-01-04,Christopher Speer Whitmire,1975-01-04,65
882,Martin A. B. Reynolds,1969-01-01,David Reynolds Blomdahl,1969-01-01,62
883,Andreas Winhart,1983-01-01,Andre Miller Davis,1983-01-01,61
884,Samaras Antonios,1951-05-23,Antonio Stewart Binns,1951-05-23,65
885,Susana I. Mora Humbert,1982-06-23,Susan Morgan Ashley Gomez,1982-06-23,61
886,Andrew Murrison,1961-04-24,Mary Morris,1961-04-24,62
887,Robert Halef,1964-03-01,"Downer, ROBERT Allison",1964-03-01,61
888,Andrew Patrick,1966-01-01,Owen Mcdaniel Mertes Patrick,1966-01-01,62
889,Jörgen Hellman,1963-01-01,"Ellis, Gwen",1963-01-01,61
890,Anne Milton,1955-11-03,Milton Hwang Anderson,1955-11-03,62
891,William Hague,1961-03-26,Daniel Williams Cook,1961-03-26,61
892,Raymond Smith Jr.,1962-03-05,Mary Smith,1962-03-05,62
893,Carolyn Logan,1957-07-05,Carol Flood Mason,1957-07-05,67
894,Ola Johansson,1960-01-01,Larry Young Johnson,1960-01-01,62
895,Svante O. Johansson,1960-08-10,"Roper, Steven Hanson Sandford",1960-08-10,61
896,Roberto Cidade,1986-10-02,"May, Robert",1986-10-02,67
897,Daniel Donizet,1981-12-24,daniel eeves,1981-12-24,62
898,Alexandre Knoploch,1986-07-23,Patricia Alexander,1986-07-23,61
899,Anderson Moraes,1980-01-01,Allison Anderson WARE,1980-01-01,61
900,Kenneth Kvist,1944-01-24,"Roberts, Kenneth Kent",1944-01-24,61
901,José Manuel Rodríguez Carretero,1966-02-03,"Johnson, Heather Parker Rodriguez",1966-02-03,66
902,Megan Hunt,1986-05-09,"Hunter, Madge",1986-05-09,64
903,Spencer Roach,1977-09-02,"Monaco, Michael Spencer",1977-09-02,63
904,Antonio Walker,1961-06-28,Ruth Walker,1961-06-28,64
905,Martin Melin,1967-03-06,Al slan Mcclellan Martin,1967-03-06,61
906,Miguel Martínez Fernández,1951-09-29,"Hodge, Michael Fernandez",1951-09-29,65
907,Louise Alexander,1960-04-04,Paul Alexander Rigsby,1960-04-04,70
908,Roberto Cataldi,1960-04-15,"Ceja, Robert",1960-04-15,69
909,Rahim Azizboevich ASIMOV,1964-08-16,Rakhim Azizboevich Azimov,1964-08-16,94
910,Hrachya Hakobyan,1980-07-15,Ryan Bachrach AR,1980-07-15,62
911,Corey Corbin,1954-01-01,Cory Christian Lo,1954-01-01,62
912,César Carrión,1958-05-01,Sandra Charity,1958-05-01,64
913,Aaron McWilliams,1983-11-02,Alejandro Davis Williams,1983-11-02,65
914,Patricia Dunn,1948-03-17,Patricia Morris Johnson,1948-03-17,61
915,Robert Rivas,1980-01-02,"Lister, Robert Michaud",1980-01-02,61
916,Alexander Georgievich MAZHUGA,1980-08-06,"Mazhuga, Aleksandr G.",1980-08-06,71
917,Rhonda Baker,1968-09-17,Bert Molina,1968-09-17,61
918,Roberto Pérez de Alva,1953-04-02,"Lopez, Robert Hilyer Hamilton",1953-04-02,62
919,Shin Hyun-young,1980-11-17,efe Young Hudson,1980-11-17,65
920,Jake Corman,1964-09-09,dora Jared,1964-09-09,67
921,Christian Connan,1947-10-18,Christina Moore Coburn,1947-10-18,63
922,Silvia Fernández Martínez,1984-02-04,"Hernandez, Vivian",1984-02-04,62
923,James Amann,1956-01-01,Aaron Sonoda James,1956-01-01,62
924,"James E. Malone, Jr.",1957-07-08,James Gates Runyon,1957-07-08,63
925,James Robert Bourne Lorimer,1962-02-19,Robert Mohler Bernstein Helms,1962-02-19,64
926,James Soletski,1948-10-07,James Levine,1948-10-07,69
927,Jane Nelson,1951-10-05,Andrea Daniels,1951-10-05,64
928,Donna McLeod,1968-01-01,Donna Jackson,1968-01-01,64
929,Jason Kander,1981-05-04,James Landey,1981-05-04,67
930,Margie Bright Matthews,1963-02-10,Julie Albright Waters Freeman,1963-02-10,63
931,Kevin L. Johnson,1960-09-27,John Skinner Person Solorio,1960-09-27,62
932,Víctor García Toma,1954-06-02,Ryan Jamal Garcia,1954-06-02,61
933,William Fariñas,1955-07-23,Michael Ray Williams,1955-07-23,65
934,William Montes,1958-01-01,"Jones, William Helmer",1958-01-01,76
935,PATRICK BOGYAKO-SIAIME,1962-07-14,Patrick Castano SINCLAIR Banks,1962-07-14,65
936,William Kwasi Sabi,1966-08-23,"Williams, Keisha",1966-08-23,61
937,Neva Walker,1971-12-14,Una Walker Canady,1971-12-14,64
938,Andrea Rossi,1976-10-09,Daniel Priem Ross,1976-10-09,62
939,Jeff R. Thompson,1965-03-10,Mamie Pham Thompson,1965-03-10,65
940,Lindsey Williams,1983-08-27,Lisa Williams Komar,1983-08-27,69
941,Jesusa Rodríguez,1955-01-01,James Ortiz Rodriguez,1955-01-01,67
942,Jewell Williams,1957-09-08,William Williams Fisher,1957-09-08,68
943,Kristey Williams,1970-10-16,"Berrios, William Gariepy",1970-10-16,67
944,Jim Brownell,1948-01-01,"Brown, Jose",1948-01-01,64
945,David Valence,1981-10-07,"Lee, Daniel",1981-10-07,61
946,John Aquilina,1950-03-12,Joh Bailey,1950-03-12,61
947,John Eren,1964-03-15,"Boyter, John",1964-03-15,70
948,John G. Mulroe,1959-07-21,John Dee Rosales,1959-07-21,62
949,John Morley,1970-05-06,John Kato Riley,1970-05-06,77
950,Movita Johnson-Harrell,1965-01-01,"Harrell, Ryan Matson Johnson",1965-01-01,78
951,John Patterson,1956-07-07,John Wilson,1956-07-07,64
952,John S. Morgan,1963-12-23,John Johnson,1963-12-23,64
953,John Weston,1958-04-19,"Jordan, John",1958-04-19,64
954,Johnston Fernando,1964-12-05,"Hernandez, Rita Athan Johnson",1964-12-05,62
955,Jonathan Bell,1970-03-05,"Bell, Thelma",1970-03-05,67
956,Cristian Romaniello,1988-06-21,"Rodriguez, Christiin_",1988-06-21,62
957,Jonathan Young,1958-01-01,Jonathon Ortiz,1958-01-01,64
958,Joseph Giglio,1954-09-12,JoIeph Hilton,1954-09-12,69
959,Joseph J. Roberts,1952-07-14,Robert Heil Johnson,1952-07-14,63
960,Joseph Schaack,1945-03-26,"Smith, Joseph",1945-03-26,69
961,Julia Patterson,1953-12-01,"Patterson, Heather",1953-12-01,69
962,Jackie Weatherspoon,1951-01-01,Calvin Schaefer Jenkins Weatherspoon,1951-01-01,62
963,Nathan Beard,1978-03-09,Jonathan gohdoart,1978-03-09,62
964,Martha Hennessey,1953-12-01,"Henry, Ruth",1953-12-01,62
965,Julio César Franco,1951-04-17,Frances CaRron Joyal,1951-04-17,65
966,Ronnie Chance,1968-06-06,"Chance, Laurie Zulauf",1968-06-06,61
967,K. Chandran Pillai,1956-08-18,"Hendryx, Jean Kuipers Phillips",1956-08-18,61
968,Carol Somers,1945-04-20,"MLLIER, Charles",1945-04-20,62
969,Kamran Michael,1973-09-10,Michael to Cannon Barnett,1973-09-10,62
970,Christophe Martins,1970-01-17,Heather King Wood Christopher,1970-01-17,64
971,Irène TOLLERET,1967-08-17,Irene Wescott Miller,1967-08-17,67
972,Frédéric Néraud,1960-06-05,Fredrick odell Garcia,1960-06-05,61
973,Marie-Agnès Evrard,1957-06-10,Maria Davgan Lee,1957-06-10,61
974,Kathleen Patterson,1948-06-21,Kathleen Nail Pennington,1948-06-21,62
975,Kathleen Williams,1961-02-16,Glady Carter Williams,1961-02-16,63
976,Keith Downey,1960-11-01,Don Kim,1960-11-01,63
977,Kent M. Williams,1960-09-15,Maria Magill Williams,1960-09-15,61
978,Kerry Roberts,1961-09-24,Robert Stenn Erwin,1961-09-24,65
979,Kevin Andrews,1955-11-09,"Boros, Kevin",1955-11-09,67
980,Kevin Humphries,1960-04-02,Kevin Naron Hume,1960-04-02,65
981,Kevin McCarthy,1971-06-29,"Smith, Kelvin",1971-06-29,69
982,Deidré Baartman,1991-02-07,Pedro Lenard Berman,1991-02-07,61
983,Proncey Robertson,1968-02-13,Percy Iha Rogers,1968-02-13,61
984,Christine ANDERSON,1968-07-29,"Bowie, Christina",1968-07-29,61
985,Barbara THALER,1982-02-16,"Neuman, Barbara Basham",1982-02-16,63
986,Bernice Swarts,1972-02-19,"Moore, Bernice",1972-02-19,67
987,Michael Keller,1971-01-01,Michael Floyd,1971-01-01,67
988,Aleksej Ivanovitj OLEKSIN,1966-10-29,"Oleksin, Alexei Ivanovich",1966-10-29,82
989,Christian Stocker,1960-03-20,"Welch, Christine",1960-03-20,62
990,La Tonya Johnson,1972-06-22,Lorraine Johnston Wertz,1972-06-22,62
991,Marie Lecocq,1991-10-20,"Coleman, Marie Aviles",1991-10-20,62
992,David Leisterh,1984-04-19,David White Dempsy,1984-04-19,62
993,Darrio Melton,1979-03-01,Gregory Drey Mention,1979-03-01,61
994,Mark Alan Siegel,1944-05-20,"Dunagan, Mary Sifuentes",1944-05-20,63
995,William Fourkiller,1972-02-26,"Floyd, James Wilfliams Miller",1972-02-26,65
996,J. Walter Michel,1960-12-30,Michael Powell Jay,1960-12-30,67
997,Thomas Stoimaier,1971-01-01,Diane Thomas Garber,1971-01-01,63
998,Lane Larson,1957-05-21,"Lowe, Wilson",1957-05-21,64
999,LOMBARDI Roberta,1973-08-15,Ricky Roberts,1973-08-15,62
1000,Jonas Juozapaitis,1945-04-25,Juanita Johnson,1945-04-25,62
1001,Alex da Piatã,1974-03-03,Diane Allen,1974-03-03,61
1002,Walter Brito Filho,1960-01-01,"Walker, Robin Viejo",1960-01-01,61
1003,Steven Creyelman,1972-10-25,Steve Magana,1972-10-25,64
1004,Linda P. Johnson,1945-05-02,Johnathon Phillips,1945-05-02,61
1005,Elisabeth Marquet,1960-11-20,"Roberts, Elizabeth Himes",1960-11-20,65
1006,Karine Poghosyan,1973-05-27,Katherine Ryan,1973-05-27,67
1007,Susan Dougan,1955-03-03,Susan Dona Creech,1955-03-03,62
1008,Liz Bangerter,1974-01-01,Willie Guenther Blank,1974-01-01,65
1009,Roberto García Morís,1982-02-05,Robert Oliver Mahabir,1982-02-05,62
1010,Kostyantyn Kasay,1979-09-27,"Constantine, Avery",1979-09-27,61
1011,Lynne Jones,1951-04-26,Rodney Luft Jones,1951-04-26,64
1012,Dale Swapinski,1953-10-03,"Haskins, Albert King",1953-10-03,61
1013,Christopher M. Lane,1959-05-15,Christopher Enright Moates Cruz,1959-05-15,61
1014,Mandy Johnstone,1972-09-30,"Johnson, Mary Jones",1972-09-30,73
1015,Margaret Lamwaka,1969-12-23,Margaret Lynch,1969-12-23,67
1016,Sebastian Rüter,1976-07-03,"Ator, Sean",1976-07-03,61
1017,Abdelnaser Saleh,1957-10-12,James Shearer Lancaster,1957-10-12,62
1018,Mark Manendo,1966-10-02,Mark Hernandez,1966-10-02,62
1019,Mark James Mwandosya,1949-12-28,James Sanders Latta,1949-12-28,62
1020,Mark Shriver,1964-02-17,"Noel, Mary Shrader",1964-02-17,62
1021,Martin Golden,1950-09-22,"Blair, Freddie Martin",1950-09-22,61
1022,Marty Martin,1951-08-05,"Rivas, Martin",1951-08-05,67
1023,Marty Williams,1951-03-05,William Smartt Wood,1951-03-05,73
1024,Mary Ann Hanusa,1963-05-26,"Hanson, Maria Flannery",1963-05-26,67
1025,Mary Gillett,1958-10-09,"Gillette, Maria",1958-10-09,85
1026,Mary Simon,1947-08-21,Tim Simmons Mandy,1947-08-21,67
1027,Armando França,1949-10-22,"Brahm, Amanda",1949-10-22,64
1028,Matthew Bradford,1975-10-23,Matthew Benavidez Jones,1975-10-23,62
1029,Matthew Carrington,1947-10-19,"Jacob, Matthew Harvikn",1947-10-19,67
1030,McHenry Venaani,1977-09-08,"Henry, Melinda Randle",1977-09-08,63
1031,Mel Miller,1939-07-24,Kimberly Miles,1939-07-24,67
1032,Michael Bortner,1949-02-11,Michael Fruits,1949-02-11,69
1033,Michael Bryant,1966-04-13,Bryan Fischer Loyd,1966-04-13,69
1034,Michael Cusick,1969-02-21,"Ver, Michael Guthrie",1969-02-21,61
1035,Michael G. Comeau,1956-07-13,Michael Long Vega,1956-07-13,61
1036,Michael Hart,1960-06-16,Michael Barlowe,1960-06-16,74
1037,Michael Johnston,1974-11-17,"Anderson, Michael Gagne",1974-11-17,63
1038,Michael Laws,1957-06-26,Michael Martin,1957-06-26,69
1039,Michael Palmer,1968-07-14,Michael Santana,1968-07-14,62
1040,Michael Sanchez,1950-08-03,Michael Watt,1950-08-03,67
1041,Michael Bizwick USI,1968-01-01,Michael Cook Brown,1968-01-01,65
1042,Michael Villines,1967-03-30,Michael Havens William,1967-03-30,63
1043,Michael W. Burns,1958-02-16,"M+itchel}, Mary Bush",1958-02-16,61
1044,Michael W. D'Arcy,1970-02-26,Michael Winter Mckinney,1970-02-26,62
1045,Michael Webert,1979-09-23,Michael Colbert Walker,1979-09-23,61
1046,Michele J. Sison,1959-05-27,Charles Wilson,1959-05-27,62
1047,Mike Phillips,1958-03-24,Mark Weaver Phillips,1958-03-24,67
1048,Mike Sabin,1955-09-11,Maria Saine,1955-09-11,67
1049,Park Sung-joon,1969-04-23,"Park, Susan",1969-04-23,67
1050,Nigel Davis,1951-03-10,"Leone, David",1951-03-10,64
1051,Anne Kalmari,1968-04-20,Ivonne Ramaker,1968-04-20,62
1052,Elena Ruiz Valderas,1962-10-11,"Salas, Elsie Larez",1962-10-11,61
1053,Ole Johs. Brunæs,1936-02-04,">oler, Frances James",1936-02-04,62
1054,Martina Johansson,1975-03-08,Helen Martinez Johnson Hall,1975-03-08,64
1055,Joseph Li Shan,1965-01-01,Josephine Salters,1965-01-01,65
1056,Michel Sapin,1952-04-09,Sean Miner,1952-04-09,64
1057,Patrick Rose,1978-10-10,Robert Pair,1978-10-10,61
1058,Paul F. Nichols,1952-10-27,"Stanley, Nicholas Perez",1952-10-27,61
1059,Paul Hillegonds,1949-03-04,Paul Hanson,1949-03-04,62
1060,Peter B. Morin,1955-04-02,"Petry, jeff Martinez",1955-04-02,62
1061,Peter Mathews,1951-08-01,Bonnie Matthews Plummer,1951-08-01,61
1062,Philip Giordano,1963-03-25,Israel Phillips Green,1963-03-25,61
1063,Katrina Robinson,1981-01-13,"Robinson, John",1981-01-13,69
1064,Pieter Van Dalen,1966-03-22,Nvancy Aden ewt/r,1966-03-22,61
1065,John Barrasso,1952-07-21,"Johnson, Von Barajas",1952-07-21,62
1066,Prince Raj,1989-07-07,"Prince, Sara Audette",1989-07-07,62
1067,Wendy Abraham,1960-05-06,Wendy Martin,1960-05-06,64
1068,Martin Henkel,1975-01-01,Hazel PotLIin Martin,1975-01-01,61
1069,Ralph Hise,1976-08-15,Ralph Pirne Cool,1976-08-15,62
1070,Randy Asbury,1958-10-04,Randy An Liu,1958-10-04,67
1071,Randy Hope,1959-01-01,Wanda Scholle,1959-01-01,61
1072,Gloria Rodríguez Santo,1960-10-26,marty Rodriguez Vigil Solano,1960-10-26,61
1073,Ray Williams,1960-09-27,"Dube, Euna Williams",1960-09-27,67
1074,Jean-Marie ROLLAND,1950-09-25,"Marineau, Helen Legrand Pollard",1950-09-25,62
1075,Rich Stanek,1962-02-02,Rick Sto2e,1962-02-02,67
1076,Richard Anderson,1955-05-30,"Anderson, Dolores Chouinard",1955-05-30,67
1077,Richard Geist,1944-11-21,"Jenkins, Richard Puentes",1944-11-21,67
1078,Richard Gottfried,1947-05-16,Richard Pugh,1947-05-16,62
1079,Richard Madaleno,1965-06-16,Richard Berry,1965-06-16,62
1080,Richard N. Cooper,1934-06-14,"Johnson, Richard",1934-06-14,71
1081,Richard Nero,1971-04-05,Angela Murphy Richardson,1971-04-05,61
1082,Richard Raymond,1960-10-27,"Ward, Monica",1960-10-27,62
1083,Rick Barker,1951-10-27,"Baker, Rogelio Sedlacek",1951-10-27,61
1084,Robert C. Buell,1931-04-23,"Baza, Robert Barrie",1931-04-23,62
1085,Robert Dean,1952-10-31,"Funes, Robert Jacquemin",1952-10-31,61
1086,Robert L. Emerson,1948-03-23,Robert Pearce,1948-03-23,62
1087,Philipp Mißfelder,1979-08-25,Phil Peele Martin,1979-08-25,61
1088,Robert W. Edgar,1943-05-29,Gary Rogers,1943-05-29,64
1089,Roger Hart,1947-01-01,Charles Hawk Rogers,1947-01-01,62
1090,Roger McClay,1945-02-06,"Mccrea, Emil Rogers",1945-02-06,67
1091,Ron Thompson,1966-11-06,Thomas Coffin,1966-11-06,64
1092,Ron Thornburgh,1962-12-31,Cindy Thornburg Bruno,1962-12-31,74
1093,Ronald Calderon,1957-08-12,Ronald Barger,1957-08-12,71
1094,Ronald Kibuule,1984-01-20,Kimberly Onyeal,1984-01-20,62
1095,Robert Gontarz,1993-07-02,Edward Roberts,1993-07-02,64
1096,Russell Northe,1966-02-06,Rus@seill Flores Ruiz,1966-02-06,63
1097,Lars Andersson,1964-12-21,George Anderson Kayser,1964-12-21,61
1098,William Russell,1965-04-15,"Williams, Susie Kelly",1965-04-15,63
1099,Sandra Williams,1968-10-24,"Williams, Timothy Cassady",1968-10-24,62
1100,Angelika Niebler,1963-02-18,Geraldine Nielsen,1963-02-18,61
1101,Scott Clemons,1960-02-13,"Rice, Scotty",1960-02-13,67
1102,Sean Curran,1977-08-23,Sean Carson,1977-08-23,73
1103,Sean O'Brien,1969-04-18,Brett Serrano,1969-04-18,64
1104,William Sowerby,1956-09-16,William Pawlosky Warner,1956-09-16,63
1105,Sheryl Williams Stapleton,1958-01-01,"Jones, William Helmer",1958-01-01,62
1106,Shirley A. Walters,1948-11-12,Walter Casey Morris,1948-11-12,61
1107,Aaron Miller,1987-06-14,"RM, Michelle Hawthorne",1987-06-14,61
1108,Chris Kelly,1978-06-03,"Kelley, Christopher",1978-06-03,76
1109,Charles Howard,1951-03-07,"Howard, Tina Allen",1951-03-07,65
1110,Fleur Anderson,1971-02-06,"Andersen, Mario Lowery",1971-02-06,63
1111,Spencer Black,1950-05-25,Ruth Black,1950-05-25,61
1112,Nicholas Johnson,1970-05-15,"JohnDson, Keith Weathers",1970-05-15,62
1113,James Maxwell-Scott,1971-09-26,"Mills, James",1971-09-26,67
1114,Stephan A. Morse,1947-04-01,Stephen Robinson Fay,1947-04-01,63
1115,Stephen Cottrell,1958-08-31,Stephen Malone,1958-08-31,67
1116,Stephen Dalton,1954-04-23,Stephen Heaton Reyes,1954-04-23,71
1117,Stephen Farry,1971-04-22,Audrey Gray Stephens,1971-04-22,73
1118,Stephen H. Martin,1956-06-15,Stephen Fenton Brown,1956-06-15,61
1119,Stephen Males,1955-11-24,Emma Enochs Stephens,1955-11-24,73
1120,Steve Hogan,1964-01-01,Glen Stevenson,1964-01-01,64
1121,Steve Holland,1955-11-05,Steve Son,1955-11-05,73
1122,Steve Williams,1951-05-24,Mary Firestine Rufe Williams,1951-05-24,62
1123,Michael Bromley-Martin,1955-04-27,"Mehr, Michael Coles",1955-04-27,70
1124,Julie Marson,1965-03-23,Marjorie Hulse,1965-03-23,62
1125,David Simmonds,1976-02-22,David Scott,1976-02-22,64
1126,Rosemary Bayer,1959-01-02,bert Cote Mair,1959-01-02,64
1127,Ben Spencer,1981-12-11,"Sanchez, Brenda",1981-12-11,64
1128,Walter Andonov,1969-01-05,"Hobson, Walter Brown",1969-01-05,61
1129,Andrias Petersen,1947-06-08,Suellen Peterman Anderson,1947-06-08,68
1130,Michael McFaul,1963-10-01,Michael White Maez,1963-10-01,62
1131,Terry Kirkland,1948-02-12,"Sigmon, Terry",1948-02-12,62
1132,Terry Waldron,1951-02-17,Jerry Nelson,1951-02-17,64
1133,Robert Hill,1946-09-25,Robert Hampton,1946-09-25,64
1134,"Thomas D. ""Tommy"" Wright",1956-01-16,"Wright, Angie Mason",1956-01-16,62
1135,Thomas Duane,1955-01-30,"Thompson, Paula",1955-01-30,62
1136,Thomas J. O'Brien,1964-03-15,"Do, Ben Mcgough Thomas",1964-03-15,70
1137,Thomas Pringle,1967-08-11,Janine Wall Thomas,1967-08-11,62
1138,Thomas Walsh,1960-07-15,James Walters Hoffman,1960-07-15,61
1139,Davide Serritella,1981-08-19,Daniel Sewell,1981-08-19,67
1140,Tom Parlon,1953-08-19,"White, Carylon",1953-08-19,61
1141,Vincent Fort,1956-04-10,"Vincent, Tim Boldenow",1956-04-10,62
1142,Virginia Strom-Martin,1948-01-01,"Stowell, Virginia Owens",1948-01-01,65
1143,Gerald Holler,1973-11-13,Ruth Geraldo Cox Moline,1973-11-13,61
1144,Niels Fenger,1968-11-09,"Flynn, George Nelson",1968-11-09,65
1145,William B. Golden,1948-10-09,William Huynh,1948-10-09,62
1146,William Barclay,1969-01-05,"Otero, William",1969-01-05,64
1147,William D. Burns,1973-08-22,"Lee, William",1973-08-22,62
1148,William E. Baldwin,1948-03-06,Teri Williams Mullen,1948-03-06,65
1149,"William Clinger, Jr.",1929-04-04,William Hill Culverhouse,1929-04-04,62
1150,William J. Murphy,1963-01-04,"Hughes, Mark Williams",1963-01-04,61
1151,Ward Franz,1963-06-03,Frank Taylor,1963-06-03,64
1152,William Magee,1939-06-21,"Greer, Lisa Williams",1939-06-21,69
1153,William Purdy,1940-06-05,wil Williams Crayton,1940-06-05,61
1154,William Snyder,1952-09-06,Joseph ondersAn Williams,1952-09-06,68
1155,William Stachowski,1949-02-14,MJna Thomas Williams,1949-02-14,63
1156,Charles Ferraro,1952-11-06,Charles Strickland,1952-11-06,61
1157,Yonah Martin,1965-04-11,Shelia Martin,1965-04-11,64
1158,Barbara Riener,1962-12-15,Barbara Watson Francis,1962-12-15,61
1159,Roland Schäfer,1958-01-01,"Schlau, Rhonda",1958-01-01,62
1160,Bernard Clerfayt,1961-12-30,Flora Chinn Beard,1961-12-30,61
1161,Tsai Sheng-pang,1946-10-23,Traci Jackson Shelton,1946-10-23,61
1162,Ayla Schneiders,1989-10-06,Ronda Schneider Garcia,1989-10-06,65
1163,Mike Thompson,1957-08-12,Maria CASE Thompson,1957-08-12,69
1164,Thomas Albert,1985-04-12,"Harris, Thomas Smith",1985-04-12,62
1165,Christophe van der Maat,1980-10-29,Christopher Mcdonald Simmons,1980-10-29,63
1166,Gamze Taşçıer,1982-01-01,James Thrasher,1982-01-01,62
1167,Carla Barnett,1958-02-16,"Glass, Brent Caron",1958-02-16,67
1168,William Sarpalius,1948-01-10,"Walls, William Murray",1948-01-10,65
1169,Madeleine Petrovic,1956-06-25,"Heine, Patrice Danne?",1956-06-25,65
1170,Chris Phillips,1969-10-08,"Mills, Cherri",1969-10-08,69
1171,Claudia Schmied,1959-05-10,"Shields, Amanda",1959-05-10,62
1172,Brad Miller,1953-05-19,Barbara Miller Warren,1953-05-19,62
1173,Teófilo Gamarra Saldívar,1966-01-09,Maria Gray Shulda Taylor,1966-01-09,65
1174,Adam Bodnar,1977-01-06,Tara Johnson adams Boyd,1977-01-06,65
1175,Andrzej Bober,1950-07-16,Glenda Ober Anderson,1950-07-16,61
1176,Frederick Pitcher,1967-02-05,"Mcdaniel, Fredrick",1967-02-05,65
1177,Harry Mitchell,1940-07-18,Michael Gramby,1940-07-18,64
1178,Martin Kealoe,1969-10-27,"Jones, Jean Martinez",1969-10-27,69
1179,Sarah Jones,1974-05-15,Sarah lelB Horn,1974-05-15,69
1180,Thomas Brezina,1963-01-30,Brian Transue Thompson,1963-01-30,61
1181,Nicholas Julian Medcrof,1975-02-28,"Daisy, Nicholas mccool Huffman",1975-02-28,62
1182,Michael Goodwin,1971-01-01,Michael Floyd,1971-01-01,71
1183,NIkolay Ivanov,1952-05-30,Nicole Marciano,1952-05-30,62
1184,Michelle Gorelow,1971-01-01,Michael Floyd,1971-01-01,62
1185,Charles Michel,1975-12-21,Karl Mitchell Joseph,1975-12-21,65
1186,Jan Peumans,1951-01-06,Jin Rudman,1951-01-06,67
1187,Laura Pérez Borinaga,1971-06-18,Laura Green Prach,1971-06-18,61
1188,Gonzalo Fernández Domínguez,1952-03-21,Gerald Gonzale/ Dodson,1952-03-21,61
1189,César Horacio Duarte Jáquez,1963-04-14,Cesar Duarte Jaquez,1963-04-14,77
1190,Shedron D. Williams,1967-07-29,"Abrams, Esther Williams",1967-07-29,70
1191,Jeff Bradley,1957-05-03,Jean Brazil,1957-05-03,61
1192,Lewis Marquardt,1936-01-01,Omar Thomas Lewis,1936-01-01,62
1193,Amal Hamad,1963-07-12,Amy Chapman,1963-07-12,67
1194,ARTUR BRUNO,1959-08-04,Arthur Dixon,1959-08-04,61
1195,Ivan Stanislavavich TERTEL,1966-09-08,"Tsertsel, Ivan Stanislavavich",1966-09-08,96
1196,Virgínia Hagge,1964-02-10,"Chandler, Virginia Odom",1964-02-10,63
1197,Christopher Foster,1953-11-07,Christopher Mcdougal Stegall,1953-11-07,70
1198,Juan Martín Rodríguez,1982-12-21,Jason Kennedy Rodriguez,1982-12-21,67
1199,Carlos Giannazi,1961-12-15,"Finn, Carl",1961-12-15,67
1200,Dewi Coryati,1964-08-09,Cory Hardy Lewis,1964-08-09,64
1201,Christoph Dreyer,1966-06-17,Christopher Martins,1966-06-17,63
1202,Andreas Baum,1978-07-05,Andrew Rosenbaum Boswell,1978-07-05,61
1203,Daniel Hannan,1971-09-01,Nancy Daniel rnz,1971-09-01,69
1204,Ernesto Muangala,1961-07-31,"Lay, Ernest",1961-07-31,69
1205,Christine Cohen,1976-01-25,Christine Monk Texeira,1976-01-25,65
1206,Christina Linderholm,1943-01-01,Christine Dvorak Lebel,1943-01-01,62
1207,Camilo Morán,1990-04-17,"Morgan, Clara",1990-04-17,61
1208,John O'Donoghue,1956-05-28,"Moore, John Hopping",1956-05-28,61
1209,Nicolas Hulot,1955-04-30,Nicholas Elliott,1955-04-30,76
1210,Kaleb Weis,1983-06-14,"Selby, Wes",1983-06-14,63
1211,Andreas Jung,1975-05-13,Andrea Langston,1975-05-13,67
1212,Maricel Popa,1961-06-10,Paul Martin,1961-06-10,61
1213,Thomas Feist,1965-04-08,Thomas Gibson,1965-04-08,72
1214,Shanan Halbert,1983-01-01,Albert Harris Robinson,1983-01-01,61
1215,Stephan Meyer,1981-06-18,Ruby Meyer Shahan,1981-06-18,67
1216,Imran bin Mahmood,1978-08-15,Ira Wood Burdick,1978-08-15,61
1217,MEYER August Christopher,1962-06-17,"Gae, Christopher Moser Comans",1962-06-17,62
1218,DANIEL HARRIS,1957-12-04,Sammy Daniels Perrine,1957-12-04,65
